# BK4063B-AWG-GUI waveform 'MKJX1_i00', 5301 points, one sample per line, fixed mapping 1.000 = 10 V (peak 0.9312 = 9.3123 V)
# set AMP 20 Vpp, OFST 0, and UNTICK normalise on upload
0.0001275011
0.0001748178
0.0002215788
0.0002677649
0.0003134027
0.0003585578
0.0004033288
0.000447839
0.0004922289
0.0005366486
0.0005812506
0.000626184
0.0006715892
0.000717594
0.0007643109
0.0008118358
0.0008602474
0.0009096077
0.0009599633
0.001011347
0.001063782
0.00111728
0.001171848
0.001227489
0.001284204
0.001341993
0.001400858
0.001460806
0.001521844
0.001583984
0.001647244
0.001711644
0.001777208
0.001843963
0.001911939
0.001981169
0.002051685
0.002123523
0.002196717
0.0022713
0.002347307
0.002424772
0.002503726
0.0025842
0.002666224
0.002749829
0.00283504
0.002921887
0.003010394
0.003100588
0.003192494
0.003286137
0.003381541
0.00347873
0.003577727
0.003678558
0.003781245
0.003885813
0.003992285
0.004100686
0.004211042
0.004323376
0.004437716
0.004554089
0.004672524
0.004793048
0.004915695
0.005040494
0.005167479
0.005296683
0.005428142
0.005561889
0.005697959
0.005836384
0.005977197
0.006120428
0.006266104
0.006414249
0.006564886
0.006718035
0.006873712
0.007031934
0.007192717
0.007356077
0.007522033
0.007690602
0.007861809
0.008035677
0.008212238
0.008391522
0.008573566
0.00875841
0.008946093
0.009136657
0.009330146
0.009526598
0.009726052
0.009928542
0.0101341
0.01034274
0.01055449
0.01076936
0.01098737
0.01120853
0.01143285
0.01166035
0.01189105
0.01212498
0.01236216
0.01260262
0.01284641
0.01309355
0.01334408
0.01359803
0.01385543
0.01411631
0.01438068
0.01464858
0.01492002
0.01519502
0.01547362
0.01575585
0.01604173
0.01633129
0.01662458
0.01692163
0.01722245
0.01752707
0.01783553
0.01814783
0.01846399
0.01878405
0.01910802
0.01943593
0.01976781
0.02010369
0.02044359
0.02078754
0.02113556
0.02148766
0.02184389
0.02220424
0.02256876
0.02293747
0.0233104
0.02368757
0.024069
0.02445472
0.02484475
0.0252391
0.02563781
0.0260409
0.02644838
0.02686029
0.02727664
0.02769746
0.02812277
0.02855257
0.02898691
0.0294258
0.02986927
0.03031733
0.03077
0.03122731
0.03168927
0.0321559
0.03262724
0.03310328
0.03358406
0.0340696
0.0345599
0.03505498
0.03555488
0.03605959
0.03656913
0.03708353
0.0376028
0.03812695
0.03865599
0.03918994
0.03972882
0.04027264
0.04082141
0.04137515
0.04193386
0.04249757
0.04306628
0.04364
0.04421875
0.04480254
0.04539137
0.04598527
0.04658423
0.04718828
0.04779741
0.04841164
0.04903096
0.0496554
0.05028495
0.05091962
0.05155941
0.05220432
0.05285437
0.05350955
0.05416986
0.05483531
0.05550589
0.05618162
0.05686248
0.05754848
0.05823962
0.05893589
0.05963731
0.06034385
0.06105553
0.06177232
0.06249424
0.06322127
0.0639534
0.06469062
0.06543293
0.06618031
0.06693276
0.06769026
0.06845281
0.06922039
0.06999299
0.07077061
0.07155323
0.07234083
0.0731334
0.07393094
0.07473342
0.07554082
0.07635312
0.07717031
0.07799237
0.07881926
0.07965097
0.08048747
0.08132874
0.08217475
0.08302549
0.08388092
0.08474102
0.08560576
0.08647511
0.08734905
0.08822754
0.08911055
0.08999804
0.09088999
0.09178636
0.09268711
0.09359222
0.09450164
0.09541535
0.09633331
0.0972555
0.09818188
0.09911242
0.1000471
0.1009858
0.1019287
0.1028755
0.1038262
0.1047809
0.1057394
0.1067018
0.1076679
0.1086377
0.1096112
0.1105883
0.111569
0.1125533
0.113541
0.1145321
0.1155266
0.1165245
0.1175257
0.1185301
0.1195377
0.1205485
0.1215623
0.1225791
0.123599
0.1246217
0.1256473
0.1266758
0.127707
0.128741
0.1297776
0.1308169
0.1318588
0.1329031
0.13395
0.1349993
0.1360509
0.1371047
0.1381608
0.1392191
0.1402794
0.1413418
0.1424061
0.1434724
0.1445406
0.1456106
0.1466823
0.1477558
0.148831
0.1499077
0.150986
0.1520659
0.1531471
0.1542298
0.1553138
0.156399
0.1574855
0.1585731
0.1596618
0.1607515
0.1618422
0.1629338
0.1640263
0.1651197
0.1662138
0.1673086
0.1684041
0.1695002
0.170597
0.1716942
0.1727919
0.1738899
0.1749884
0.176087
0.1771859
0.178285
0.1793841
0.1804833
0.1815825
0.1826817
0.1837808
0.1848798
0.1859786
0.1870773
0.1881756
0.1892736
0.1903713
0.1914686
0.1925653
0.1936616
0.1947573
0.1958523
0.1969468
0.1980405
0.1991335
0.2002257
0.2013171
0.2024076
0.2034972
0.2045858
0.2056734
0.20676
0.2078454
0.2089296
0.2100126
0.2110943
0.2121747
0.2132537
0.2143313
0.2154075
0.2164823
0.2175556
0.2186273
0.2196975
0.2207661
0.2218331
0.2228984
0.223962
0.2250238
0.2260838
0.227142
0.2281983
0.2292526
0.230305
0.2313553
0.2324036
0.2334498
0.2344939
0.2355358
0.2365755
0.237613
0.2386483
0.2396813
0.2407121
0.2417405
0.2427666
0.2437903
0.2448116
0.2458305
0.2468469
0.2478608
0.2488722
0.2498809
0.250887
0.2518905
0.2528912
0.2538892
0.2548844
0.2558768
0.2568663
0.257853
0.2588368
0.2598177
0.2607956
0.2617706
0.2627426
0.2637116
0.2646777
0.2656408
0.2666008
0.2675579
0.2685119
0.2694629
0.2704108
0.2713556
0.2722972
0.2732357
0.274171
0.2751031
0.2760319
0.2769575
0.2778798
0.2787987
0.2797143
0.2806266
0.2815356
0.2824411
0.2833433
0.284242
0.2851374
0.2860293
0.2869178
0.2878029
0.2886846
0.2895628
0.2904375
0.2913088
0.2921767
0.293041
0.2939019
0.2947593
0.2956131
0.2964634
0.2973102
0.2981535
0.2989932
0.2998293
0.3006618
0.3014908
0.3023162
0.3031381
0.3039564
0.3047711
0.3055822
0.3063898
0.3071938
0.3079942
0.308791
0.3095842
0.3103739
0.3111599
0.3119424
0.3127213
0.3134966
0.3142683
0.3150364
0.315801
0.316562
0.3173194
0.3180732
0.3188235
0.3195703
0.3203135
0.3210531
0.3217892
0.3225218
0.3232508
0.3239763
0.3246983
0.3254167
0.3261316
0.326843
0.3275509
0.3282553
0.3289562
0.3296536
0.3303476
0.3310381
0.3317251
0.3324088
0.333089
0.3337659
0.3344393
0.3351094
0.3357761
0.3364394
0.3370994
0.3377559
0.3384092
0.3390591
0.3397056
0.3403488
0.3409887
0.3416253
0.3422586
0.3428886
0.3435154
0.3441389
0.3447593
0.3453763
0.3459902
0.3466009
0.3472085
0.3478128
0.348414
0.3490121
0.349607
0.3501988
0.3507875
0.3513732
0.3519558
0.3525353
0.3531118
0.3536852
0.3542557
0.3548232
0.3553877
0.3559492
0.3565077
0.3570633
0.357616
0.3581657
0.3587125
0.3592565
0.3597975
0.3603357
0.3608711
0.3614036
0.3619333
0.3624603
0.3629844
0.3635058
0.3640245
0.3645405
0.3650537
0.3655642
0.366072
0.3665771
0.3670796
0.3675793
0.3680764
0.3685708
0.3690627
0.3695519
0.3700385
0.3705226
0.3710041
0.3714832
0.3719598
0.3724339
0.3729056
0.3733749
0.3738418
0.3743063
0.3747684
0.3752281
0.3756853
0.3761402
0.3765926
0.3770426
0.3774903
0.3779356
0.3783785
0.3788191
0.3792574
0.3796934
0.3801272
0.3805587
0.3809881
0.3814153
0.3818404
0.3822633
0.382684
0.3831027
0.3835192
0.3839336
0.3843459
0.384756
0.3851641
0.3855701
0.3859741
0.386376
0.3867759
0.3871738
0.3875696
0.3879635
0.3883554
0.3887453
0.3891333
0.3895194
0.3899036
0.3902859
0.3906663
0.3910448
0.3914214
0.3917963
0.3921692
0.3925404
0.3929097
0.3932772
0.393643
0.3940069
0.3943691
0.3947295
0.3950881
0.395445
0.3958002
0.3961537
0.3965055
0.3968555
0.397204
0.3975507
0.3978958
0.3982393
0.3985812
0.3989216
0.3992603
0.3995975
0.3999331
0.4002672
0.4005997
0.4009308
0.4012602
0.4015882
0.4019147
0.4022396
0.402563
0.4028849
0.4032054
0.4035243
0.4038419
0.4041579
0.4044726
0.4047859
0.4050977
0.4054082
0.4057173
0.4060251
0.4063315
0.4066365
0.4069403
0.4072426
0.4075437
0.4078434
0.4081419
0.408439
0.4087349
0.4090295
0.4093228
0.4096149
0.4099057
0.4101954
0.4104838
0.410771
0.4110569
0.4113418
0.4116254
0.4119078
0.4121891
0.4124692
0.4127482
0.413026
0.4133026
0.4135782
0.4138526
0.4141259
0.4143981
0.4146692
0.4149393
0.4152082
0.4154762
0.415743
0.4160089
0.4162737
0.4165375
0.4168002
0.417062
0.4173227
0.4175824
0.4178411
0.4180988
0.4183555
0.4186112
0.4188659
0.4191197
0.4193725
0.4196244
0.4198754
0.4201254
0.4203745
0.4206227
0.42087
0.4211165
0.421362
0.4216067
0.4218505
0.4220934
0.4223355
0.4225768
0.4228171
0.4230567
0.4232954
0.4235333
0.4237704
0.4240066
0.4242421
0.4244767
0.4247105
0.4249436
0.4251758
0.4254073
0.4256381
0.425868
0.4260972
0.4263257
0.4265534
0.4267803
0.4270066
0.4272321
0.4274569
0.4276809
0.4279043
0.4281269
0.4283488
0.42857
0.4287906
0.4290104
0.4292296
0.4294482
0.429666
0.4298833
0.4300998
0.4303158
0.4305311
0.4307457
0.4309598
0.4311732
0.431386
0.4315982
0.4318097
0.4320206
0.4322309
0.4324407
0.4326498
0.4328583
0.4330662
0.4332736
0.4334804
0.4336867
0.4338924
0.4340975
0.4343021
0.4345062
0.4347097
0.4349127
0.4351152
0.4353171
0.4355185
0.4357194
0.4359198
0.4361197
0.4363191
0.436518
0.4367165
0.4369144
0.4371119
0.4373089
0.4375054
0.4377014
0.4378969
0.4380919
0.4382865
0.4384806
0.4386743
0.4388674
0.4390601
0.4392524
0.4394442
0.4396356
0.4398266
0.4400171
0.4402072
0.440397
0.4405863
0.4407753
0.4409638
0.441152
0.4413398
0.4415272
0.4417143
0.4419009
0.4420872
0.4422731
0.4424586
0.4426438
0.4428285
0.4430129
0.4431969
0.4433806
0.4435639
0.4437468
0.4439294
0.4441116
0.4442935
0.444475
0.4446563
0.4448372
0.4450177
0.445198
0.4453779
0.4455576
0.4457369
0.4459159
0.4460946
0.446273
0.4464512
0.446629
0.4468066
0.4469838
0.4471608
0.4473375
0.4475139
0.44769
0.4478658
0.4480414
0.4482167
0.4483918
0.4485666
0.4487411
0.4489154
0.4490894
0.4492632
0.4494368
0.4496101
0.4497832
0.4499561
0.4501287
0.450301
0.4504731
0.450645
0.4508167
0.4509881
0.4511593
0.4513302
0.451501
0.4516715
0.4518418
0.452012
0.4521819
0.4523517
0.4525213
0.4526907
0.4528599
0.453029
0.4531978
0.4533665
0.453535
0.4537034
0.4538715
0.4540395
0.4542073
0.454375
0.4545424
0.4547098
0.4548769
0.4550439
0.4552108
0.4553775
0.4555441
0.4557105
0.4558768
0.4560429
0.4562089
0.4563748
0.4565405
0.4567061
0.4568715
0.4570368
0.457202
0.457367
0.457532
0.4576968
0.4578615
0.4580261
0.4581906
0.458355
0.4585192
0.4586834
0.4588475
0.4590115
0.4591754
0.4593392
0.4595029
0.4596665
0.4598301
0.4599936
0.460157
0.4603203
0.4604836
0.4606468
0.4608099
0.460973
0.461136
0.4612989
0.4614618
0.4616246
0.4617873
0.46195
0.4621126
0.4622752
0.4624377
0.4626002
0.4627627
0.462925
0.4630874
0.4632497
0.4634119
0.4635742
0.4637364
0.4638985
0.4640607
0.4642228
0.4643849
0.464547
0.4647091
0.4648712
0.4650332
0.4651953
0.4653573
0.4655194
0.4656814
0.4658434
0.4660054
0.4661675
0.4663295
0.4664916
0.4666536
0.4668157
0.4669778
0.4671399
0.467302
0.4674642
0.4676264
0.4677887
0.4679509
0.4681133
0.4682756
0.468438
0.4686004
0.4687628
0.4689253
0.4690878
0.4692503
0.4694129
0.4695755
0.4697382
0.4699009
0.4700637
0.4702265
0.4703894
0.4705524
0.4707154
0.4708785
0.4710417
0.471205
0.4713683
0.4715317
0.4716953
0.4718589
0.4720226
0.4721863
0.4723502
0.4725142
0.4726783
0.4728424
0.4730067
0.4731711
0.4733356
0.4735002
0.4736649
0.4738297
0.4739946
0.4741597
0.4743248
0.4744901
0.4746555
0.474821
0.4749867
0.4751525
0.4753184
0.4754844
0.4756506
0.4758169
0.4759834
0.47615
0.4763167
0.4764836
0.4766506
0.4768178
0.4769852
0.4771527
0.4773203
0.4774882
0.4776562
0.4778244
0.4779928
0.4781613
0.4783301
0.4784991
0.4786682
0.4788375
0.4790071
0.4791768
0.4793467
0.4795168
0.4796871
0.4798576
0.4800282
0.4801991
0.4803702
0.4805415
0.4807129
0.4808846
0.4810566
0.4812287
0.4814011
0.4815737
0.4817466
0.4819198
0.4820932
0.4822668
0.4824408
0.4826149
0.4827894
0.4829641
0.483139
0.4833143
0.4834897
0.4836654
0.4838414
0.4840176
0.484194
0.4843707
0.4845477
0.484725
0.4849025
0.4850804
0.4852586
0.4854371
0.4856159
0.485795
0.4859745
0.4861543
0.4863344
0.4865148
0.4866955
0.4868766
0.4870579
0.4872396
0.4874216
0.4876039
0.4877865
0.4879695
0.4881528
0.4883365
0.4885205
0.488705
0.4888897
0.4890749
0.4892605
0.4894464
0.4896327
0.4898194
0.4900065
0.490194
0.4903818
0.4905701
0.4907587
0.4909478
0.4911373
0.4913271
0.4915174
0.491708
0.4918991
0.4920906
0.4922825
0.4924749
0.4926677
0.4928609
0.4930546
0.4932487
0.4934433
0.4936384
0.4938339
0.4940299
0.4942264
0.4944234
0.4946208
0.4948188
0.4950172
0.4952161
0.4954154
0.4956153
0.4958157
0.4960165
0.4962179
0.4964197
0.4966221
0.4968251
0.4970285
0.4972325
0.497437
0.4976421
0.4978478
0.498054
0.4982608
0.4984682
0.4986761
0.4988847
0.4990938
0.4993035
0.4995138
0.4997247
0.4999362
0.5001483
0.500361
0.5005743
0.5007882
0.5010027
0.5012179
0.5014336
0.50165
0.5018671
0.5020848
0.5023031
0.5025221
0.5027418
0.5029621
0.5031831
0.5034048
0.5036272
0.5038502
0.504074
0.5042985
0.5045237
0.5047497
0.5049763
0.5052037
0.5054318
0.5056607
0.5058903
0.5061207
0.5063519
0.5065838
0.5068165
0.5070499
0.5072842
0.5075192
0.5077551
0.5079917
0.5082291
0.5084674
0.5087064
0.5089463
0.509187
0.5094286
0.509671
0.5099142
0.5101583
0.5104033
0.5106492
0.5108959
0.5111435
0.511392
0.5116415
0.5118918
0.5121431
0.5123953
0.5126484
0.5129025
0.5131575
0.5134134
0.5136703
0.5139282
0.5141871
0.5144469
0.5147077
0.5149695
0.5152323
0.5154961
0.5157609
0.5160267
0.5162935
0.5165614
0.5168303
0.5171002
0.5173712
0.5176433
0.5179165
0.5181908
0.5184662
0.5187428
0.5190205
0.5192993
0.5195793
0.5198604
0.5201427
0.5204262
0.5207108
0.5209966
0.5212835
0.5215717
0.521861
0.5221515
0.5224432
0.5227362
0.5230303
0.5233257
0.5236223
0.5239202
0.5242194
0.5245198
0.5248215
0.5251245
0.5254288
0.5257344
0.5260413
0.5263496
0.5266593
0.5269703
0.5272827
0.5275965
0.5279117
0.5282283
0.5285464
0.5288658
0.5291867
0.529509
0.5298327
0.5301579
0.5304846
0.5308127
0.5311423
0.5314734
0.531806
0.53214
0.5324757
0.5328128
0.5331515
0.5334918
0.5338336
0.5341771
0.5345221
0.5348687
0.535217
0.5355669
0.5359184
0.5362716
0.5366265
0.536983
0.5373412
0.5377011
0.5380627
0.538426
0.538791
0.5391578
0.5395263
0.5398966
0.5402686
0.5406424
0.541018
0.5413955
0.5417747
0.5421558
0.5425388
0.5429236
0.5433103
0.5436989
0.5440894
0.5444817
0.5448761
0.5452723
0.5456705
0.5460706
0.5464727
0.5468768
0.5472828
0.5476908
0.5481009
0.5485129
0.548927
0.5493431
0.5497614
0.5501817
0.5506041
0.5510286
0.5514553
0.5518841
0.5523151
0.5527483
0.5531836
0.5536212
0.554061
0.554503
0.5549473
0.5553937
0.5558425
0.5562934
0.5567467
0.5572022
0.55766
0.5581201
0.5585825
0.5590472
0.5595142
0.5599835
0.5604552
0.5609293
0.5614058
0.5618848
0.5623661
0.56285
0.5633363
0.5638251
0.5643165
0.5648103
0.5653067
0.5658057
0.5663073
0.5668114
0.5673182
0.5678275
0.5683394
0.568854
0.5693711
0.5698909
0.5704133
0.5709383
0.571466
0.5719964
0.5725294
0.5730651
0.5736036
0.5741448
0.5746887
0.5752354
0.5757849
0.5763371
0.5768922
0.5774501
0.5780107
0.5785743
0.5791407
0.5797099
0.580282
0.580857
0.5814349
0.5820158
0.5825995
0.5831862
0.5837759
0.5843686
0.5849642
0.5855628
0.5861644
0.586769
0.5873767
0.5879874
0.5886011
0.5892178
0.5898376
0.5904604
0.5910863
0.5917152
0.5923472
0.5929822
0.5936204
0.5942617
0.5949061
0.5955536
0.5962042
0.596858
0.597515
0.5981752
0.5988386
0.5995051
0.6001749
0.6008478
0.601524
0.6022034
0.6028861
0.6035719
0.604261
0.6049534
0.6056489
0.6063478
0.6070498
0.6077551
0.6084637
0.6091755
0.6098906
0.610609
0.6113306
0.6120554
0.6127836
0.613515
0.6142497
0.6149877
0.6157289
0.6164734
0.6172212
0.6179723
0.6187267
0.6194844
0.6202453
0.6210095
0.6217771
0.6225479
0.623322
0.6240994
0.62488
0.625664
0.6264512
0.6272417
0.6280354
0.6288324
0.6296326
0.6304361
0.6312427
0.6320526
0.6328656
0.6336819
0.6345013
0.6353239
0.6361497
0.6369787
0.6378108
0.638646
0.6394844
0.6403259
0.6411706
0.6420183
0.6428692
0.6437231
0.64458
0.64544
0.6463031
0.6471691
0.6480382
0.6489103
0.6497853
0.6506633
0.6515442
0.652428
0.6533147
0.6542042
0.6550966
0.6559919
0.6568899
0.6577907
0.6586943
0.6596006
0.6605096
0.6614213
0.6623356
0.6632526
0.6641722
0.6650944
0.6660192
0.6669465
0.6678764
0.6688087
0.6697436
0.6706808
0.6716205
0.6725625
0.6735068
0.6744535
0.6754024
0.6763535
0.6773068
0.6782623
0.67922
0.6801797
0.6811416
0.6821055
0.6830715
0.6840394
0.6850092
0.6859809
0.6869545
0.6879299
0.6889071
0.6898861
0.6908668
0.6918492
0.6928332
0.6938189
0.6948062
0.6957949
0.6967852
0.6977768
0.6987698
0.6997641
0.7007596
0.7017564
0.7027544
0.7037535
0.7047538
0.7057553
0.7067578
0.7077613
0.7087659
0.7097714
0.7107778
0.7117851
0.7127932
0.713802
0.7148116
0.7158218
0.7168326
0.717844
0.7188559
0.7198682
0.7208809
0.721894
0.7229074
0.7239212
0.7249352
0.7259493
0.7269637
0.7279782
0.7289928
0.7300075
0.7310221
0.7320367
0.7330512
0.7340655
0.7350797
0.7360936
0.7371072
0.7381205
0.7391334
0.7401458
0.7411577
0.7421692
0.74318
0.7441902
0.7451998
0.7462087
0.7472168
0.7482241
0.7492306
0.7502363
0.7512411
0.7522449
0.7532477
0.7542496
0.7552503
0.75625
0.7572486
0.7582459
0.7592421
0.7602369
0.7612304
0.7622225
0.7632132
0.7642024
0.7651902
0.7661763
0.767161
0.7681439
0.7691252
0.7701048
0.7710827
0.7720587
0.7730329
0.7740053
0.7749757
0.7759443
0.7769109
0.7778755
0.7788382
0.7797988
0.7807574
0.7817138
0.7826681
0.7836203
0.7845702
0.7855179
0.7864634
0.7874065
0.7883472
0.7892856
0.7902216
0.7911551
0.7920861
0.7930145
0.7939404
0.7948637
0.7957843
0.7967022
0.7976175
0.7985299
0.7994396
0.8003466
0.8012507
0.8021519
0.8030504
0.8039459
0.8048386
0.8057284
0.8066153
0.8074992
0.8083802
0.8092581
0.8101331
0.811005
0.8118739
0.8127396
0.8136022
0.8144617
0.8153179
0.8161709
0.8170207
0.8178671
0.8187102
0.8195501
0.8203865
0.8212196
0.8220493
0.8228757
0.8236986
0.8245181
0.8253342
0.8261469
0.8269561
0.8277618
0.828564
0.8293627
0.8301578
0.8309494
0.8317374
0.8325218
0.8333026
0.8340798
0.8348533
0.8356232
0.8363895
0.837152
0.8379109
0.8386662
0.8394177
0.8401655
0.8409096
0.84165
0.8423867
0.8431196
0.8438488
0.8445742
0.8452958
0.8460137
0.8467277
0.847438
0.8481444
0.848847
0.8495458
0.8502408
0.8509319
0.8516191
0.8523025
0.8529821
0.8536578
0.8543296
0.8549976
0.8556617
0.8563219
0.8569783
0.8576308
0.8582795
0.8589242
0.8595652
0.8602022
0.8608354
0.8614647
0.8620902
0.8627118
0.8633295
0.8639434
0.8645534
0.8651596
0.8657619
0.8663604
0.866955
0.8675457
0.8681327
0.8687158
0.869295
0.8698705
0.8704421
0.8710099
0.8715738
0.872134
0.8726904
0.8732431
0.8737919
0.874337
0.8748783
0.8754159
0.8759497
0.8764797
0.8770061
0.8775287
0.8780475
0.8785627
0.8790741
0.8795819
0.880086
0.8805864
0.8810831
0.8815762
0.8820657
0.8825515
0.8830338
0.8835125
0.8839875
0.8844591
0.884927
0.8853915
0.8858524
0.8863098
0.8867636
0.887214
0.8876609
0.8881044
0.8885443
0.8889808
0.8894139
0.8898435
0.8902698
0.8906926
0.891112
0.891528
0.8919407
0.8923501
0.8927561
0.8931589
0.8935584
0.8939547
0.8943477
0.8947375
0.8951241
0.8955075
0.8958877
0.8962648
0.8966388
0.8970096
0.8973773
0.8977419
0.8981033
0.8984617
0.8988171
0.8991693
0.8995185
0.8998647
0.9002078
0.900548
0.9008852
0.9012194
0.9015508
0.9018792
0.9022047
0.9025274
0.9028472
0.9031642
0.9034784
0.9037898
0.9040985
0.9044044
0.9047076
0.905008
0.9053057
0.9056007
0.905893
0.9061825
0.9064694
0.9067536
0.9070351
0.907314
0.9075903
0.907864
0.908135
0.9084036
0.9086696
0.908933
0.909194
0.9094526
0.9097086
0.9099622
0.9102134
0.9104621
0.9107085
0.9109525
0.9111941
0.9114334
0.9116704
0.9119051
0.9121374
0.9123674
0.9125952
0.9128207
0.9130439
0.9132649
0.9134838
0.9137004
0.9139149
0.9141273
0.9143375
0.9145456
0.9147516
0.9149555
0.9151573
0.915357
0.9155547
0.9157504
0.915944
0.9161357
0.9163255
0.9165132
0.916699
0.9168828
0.9170647
0.9172447
0.9174228
0.917599
0.9177733
0.9179459
0.9181167
0.9182857
0.9184529
0.9186183
0.9187819
0.9189437
0.9191038
0.9192621
0.9194186
0.9195734
0.9197265
0.919878
0.9200278
0.9201761
0.9203228
0.9204679
0.9206115
0.9207535
0.920894
0.9210329
0.9211703
0.921306
0.9214402
0.9215727
0.9217037
0.9218331
0.921961
0.9220874
0.9222124
0.9223359
0.9224581
0.922579
0.9226986
0.9228168
0.9229339
0.9230496
0.9231641
0.9232772
0.9233891
0.9234996
0.9236088
0.9237166
0.923823
0.9239282
0.9240319
0.9241344
0.9242355
0.9243354
0.924434
0.9245315
0.9246278
0.9247229
0.924817
0.9249099
0.9250018
0.9250927
0.9251825
0.9252713
0.9253591
0.9254459
0.9255317
0.9256164
0.9257001
0.9257828
0.9258644
0.9259449
0.9260244
0.9261029
0.9261802
0.9262565
0.9263317
0.9264059
0.9264791
0.9265512
0.9266224
0.9266927
0.926762
0.9268305
0.926898
0.9269648
0.9270307
0.9270958
0.9271601
0.9272236
0.9272864
0.9273483
0.9274095
0.9274699
0.9275295
0.9275883
0.9276464
0.9277036
0.9277601
0.9278158
0.9278707
0.9279249
0.9279783
0.9280309
0.9280828
0.928134
0.9281845
0.9282342
0.9282832
0.9283316
0.9283792
0.9284262
0.9284725
0.9285182
0.9285632
0.9286076
0.9286514
0.9286945
0.928737
0.9287789
0.9288203
0.928861
0.9289011
0.9289406
0.9289796
0.929018
0.9290558
0.9290931
0.9291299
0.9291661
0.9292018
0.9292369
0.9292716
0.9293057
0.9293393
0.9293725
0.9294051
0.9294373
0.9294689
0.9295001
0.9295308
0.9295611
0.9295909
0.9296202
0.929649
0.9296774
0.9297053
0.9297327
0.9297598
0.9297863
0.9298125
0.9298382
0.9298636
0.9298885
0.9299131
0.9299373
0.9299611
0.9299846
0.9300077
0.9300304
0.9300528
0.9300748
0.9300965
0.9301179
0.9301388
0.9301594
0.9301797
0.9301996
0.9302192
0.9302384
0.9302573
0.9302758
0.9302941
0.930312
0.9303296
0.9303469
0.9303639
0.9303807
0.9303971
0.9304133
0.9304292
0.9304448
0.9304602
0.9304753
0.9304902
0.9305048
0.9305191
0.9305332
0.9305471
0.9305607
0.9305741
0.9305872
0.9306
0.9306127
0.9306251
0.9306372
0.9306492
0.9306609
0.9306724
0.9306837
0.9306947
0.9307056
0.9307163
0.9307268
0.9307371
0.9307473
0.9307572
0.930767
0.9307766
0.930786
0.9307952
0.9308043
0.9308132
0.9308219
0.9308304
0.9308388
0.9308469
0.9308549
0.9308628
0.9308705
0.930878
0.9308853
0.9308925
0.9308996
0.9309066
0.9309134
0.9309201
0.9309266
0.9309331
0.9309394
0.9309456
0.9309516
0.9309576
0.9309634
0.9309691
0.9309747
0.9309801
0.9309855
0.9309907
0.9309958
0.9310009
0.9310058
0.9310107
0.9310154
0.9310201
0.9310246
0.9310291
0.9310335
0.9310377
0.9310419
0.9310459
0.9310499
0.9310538
0.9310575
0.9310612
0.9310648
0.9310683
0.9310718
0.9310751
0.9310785
0.9310817
0.9310849
0.931088
0.931091
0.931094
0.9310969
0.9310998
0.9311025
0.9311053
0.9311079
0.9311105
0.931113
0.9311155
0.9311179
0.9311202
0.9311225
0.9311248
0.931127
0.9311291
0.9311312
0.9311333
0.9311354
0.9311374
0.9311393
0.9311412
0.9311431
0.931145
0.9311467
0.9311485
0.9311502
0.9311519
0.9311535
0.9311551
0.9311567
0.9311582
0.9311596
0.931161
0.9311624
0.9311637
0.931165
0.9311663
0.9311675
0.9311687
0.9311699
0.931171
0.9311721
0.9311733
0.9311743
0.9311754
0.9311765
0.9311775
0.9311785
0.9311795
0.9311805
0.9311814
0.9311823
0.9311832
0.9311841
0.931185
0.9311858
0.9311866
0.9311874
0.9311882
0.931189
0.9311897
0.9311905
0.9311912
0.9311919
0.9311926
0.9311933
0.931194
0.9311946
0.9311953
0.9311959
0.9311966
0.9311972
0.9311978
0.9311983
0.9311989
0.9311994
0.9312
0.9312004
0.9312009
0.9312014
0.9312018
0.9312022
0.9312027
0.9312031
0.9312035
0.9312039
0.9312043
0.9312047
0.9312051
0.9312055
0.931206
0.9312065
0.9312069
0.9312074
0.9312079
0.9312084
0.9312088
0.9312093
0.9312097
0.9312101
0.9312105
0.9312109
0.9312112
0.9312116
0.9312119
0.9312122
0.9312125
0.9312127
0.931213
0.9312133
0.9312135
0.9312138
0.9312141
0.9312143
0.9312146
0.9312148
0.9312151
0.9312153
0.9312156
0.9312158
0.931216
0.9312162
0.9312164
0.9312166
0.9312168
0.931217
0.9312172
0.9312174
0.9312176
0.9312178
0.931218
0.9312182
0.9312184
0.9312187
0.931219
0.9312193
0.9312196
0.9312199
0.9312202
0.9312205
0.9312208
0.931221
0.9312213
0.9312215
0.9312217
0.9312219
0.931222
0.9312221
0.9312223
0.9312224
0.9312225
0.9312226
0.9312228
0.9312229
0.9312231
0.9312233
0.9312235
0.9312237
0.9312238
0.931224
0.9312242
0.9312244
0.9312245
0.9312246
0.9312248
0.9312249
0.931225
0.9312251
0.9312251
0.9312252
0.9312253
0.9312255
0.9312256
0.9312257
0.9312259
0.9312261
0.9312263
0.9312264
0.9312266
0.9312268
0.931227
0.9312272
0.9312274
0.9312275
0.9312276
0.9312277
0.9312277
0.9312278
0.9312278
0.9312278
0.9312279
0.9312279
0.931228
0.9312281
0.9312282
0.9312284
0.9312285
0.9312287
0.9312288
0.9312289
0.9312291
0.9312292
0.9312293
0.9312294
0.9312294
0.9312295
0.9312295
0.9312296
0.9312296
0.9312296
0.9312297
0.9312298
0.9312298
0.9312299
0.93123
0.9312301
0.9312302
0.9312303
0.9312304
0.9312305
0.9312306
0.9312307
0.9312309
0.931231
0.9312311
0.9312312
0.9312313
0.9312314
0.9312314
0.9312315
0.9312316
0.9312316
0.9312317
0.9312317
0.9312318
0.9312318
0.9312319
0.9312319
0.9312319
0.9312319
0.931232
0.931232
0.931232
0.931232
0.931232
0.9312321
0.9312321
0.9312322
0.9312323
0.9312324
0.9312325
0.9312327
0.9312328
0.931233
0.9312332
0.9312334
0.9312336
0.9312337
0.9312338
0.9312339
0.9312339
0.9312339
0.9312339
0.9312338
0.9312337
0.9312337
0.9312336
0.9312335
0.9312335
0.9312335
0.9312335
0.9312335
0.9312335
0.9312336
0.9312337
0.9312338
0.9312338
0.9312339
0.931234
0.9312341
0.9312341
0.9312342
0.9312342
0.9312343
0.9312343
0.9312343
0.9312343
0.9312343
0.9312342
0.9312342
0.9312342
0.9312342
0.9312342
0.9312342
0.9312341
0.9312341
0.9312341
0.9312341
0.9312341
0.9312341
0.9312341
0.9312341
0.9312341
0.9312341
0.9312341
0.9312341
0.9312341
0.9312342
0.9312342
0.9312342
0.9312342
0.9312342
0.9312342
0.9312342
0.9312342
0.9312342
0.9312342
0.9312342
0.9312342
0.9312342
0.9312342
0.9312342
0.9312341
0.9312341
0.9312341
0.9312341
0.9312341
0.9312341
0.9312341
0.9312341
0.9312341
0.9312341
0.9312341
0.9312342
0.9312342
0.9312342
0.9312342
0.9312342
0.9312342
0.9312342
0.9312342
0.9312342
0.9312342
0.9312342
0.9312342
0.9312342
0.9312342
0.9312342
0.9312342
0.9312342
0.9312342
0.9312342
0.9312342
0.9312342
0.9312342
0.9312342
0.9312342
0.9312342
0.9312342
0.9312342
0.9312342
0.9312342
0.9312342
0.9312342
0.9312342
0.9312342
0.9312342
0.9312342
0.9312342
0.9312342
0.9312342
0.9312342
0.9312342
0.9312342
0.9312342
0.9312342
0.9312342
0.9312342
0.9312342
0.9312342
0.9312342
0.9312342
0.9312342
0.9312342
0.9312342
0.9312342
0.9312342
0.9312342
0.9312342
0.9312342
0.9312342
0.9312342
0.9312342
0.9312342
0.9312342
0.9312342
0.9312342
0.9312342
0.9312342
0.9312342
0.9312342
0.9312342
0.9312342
0.9312342
0.9312342
0.9312342
0.9312342
0.9312342
0.9312342
0.9312342
0.9312342
0.9312342
0.9312342
0.9312342
0.9312342
0.9312342
0.9312342
0.9312342
0.9312342
0.9312342
0.9312342
0.9312342
0.9312342
0.9312342
0.9312342
0.9312342
0.9312342
0.9312342
0.9312342
0.9312342
0.9312342
0.9312342
0.9312342
0.9312342
0.9312342
0.9312342
0.9312342
0.9312342
0.9312342
0.9312342
0.9312342
0.9312342
0.9312342
0.9312342
0.9312342
0.9312342
0.9312342
0.9312342
0.9312342
0.9312342
0.9312342
0.9312342
0.9312342
0.9312342
0.9312342
0.9312342
0.9312342
0.9312342
0.9312342
0.9312342
0.9312342
0.9312342
0.9312342
0.9312342
0.9312342
0.9312342
0.9312342
0.9312342
0.9312342
0.9312342
0.9312342
0.9312342
0.9312342
0.9312342
0.9312342
0.9312342
0.9312342
0.9312342
0.9312342
0.9312342
0.9312342
0.9312342
0.9312342
0.9312342
0.9312342
0.9312342
0.9312342
0.9312342
0.9312342
0.9312342
0.9312342
0.9312342
0.9312342
0.9312342
0.9312342
0.9312342
0.9312342
0.9312342
0.9312342
0.9312342
0.9312342
0.9312342
0.9312342
0.9312342
0.9312342
0.9312342
0.9312342
0.9312342
0.9312342
0.9312342
0.9312342
0.9312342
0.9312342
0.9312342
0.9312342
0.9312342
0.9312342
0.9312342
0.9312342
0.9312342
0.9312342
0.9312342
0.9312342
0.9312342
0.9312342
0.9312342
0.9312342
0.9312342
0.9312342
0.9312342
0.9312342
0.9312342
0.9312342
0.9312342
0.9312342
0.9312342
0.9312342
0.9312342
0.9312342
0.9312342
0.9312342
0.9312342
0.9312342
0.9312342
0.9312342
0.9312342
0.9312342
0.9312342
0.9312342
0.9312342
0.9312342
0.9312342
0.9312342
0.9312342
0.9312342
0.9312342
0.9312342
0.9312342
0.9312342
0.9312342
0.9312342
0.9312342
0.9312342
0.9312342
0.9312342
0.9312342
0.9312342
0.9312342
0.9312342
0.9312342
0.9312342
0.9312342
0.9312342
0.9312342
0.9312342
0.9312342
0.9312342
0.9312342
0.9312342
0.9312342
0.9312342
0.9312342
0.9312342
0.9312342
0.9312342
0.9312342
0.9312342
0.9312342
0.9312342
0.9312342
0.9312342
0.9312342
0.9312342
0.9312342
0.9312342
0.9312342
0.9312342
0.9312342
0.9312342
0.9312342
0.9312342
0.9312342
0.9312342
0.9312342
0.9312342
0.9312342
0.9312342
0.9312342
0.9312342
0.9312342
0.9312342
0.9312342
0.9312342
0.9312342
0.9312342
0.9312342
0.9312342
0.9312342
0.9312342
0.9312342
0.9312342
0.9312342
0.9312342
0.9312342
0.9312342
0.9312342
0.9312342
0.9312342
0.9312342
0.9312342
0.9312342
0.9312342
0.9312342
0.9312342
0.9312342
0.9312342
0.9312342
0.9312342
0.9312342
0.9312342
0.9312342
0.9312342
0.9312342
0.9312342
0.9312342
0.9312342
0.9312342
0.9312342
0.9312342
0.9312342
0.9312342
0.9312342
0.9312342
0.9312342
0.9312342
0.9312342
0.9312342
0.9312342
0.9312342
0.9312342
0.9312342
0.9312342
0.9312342
0.9312342
0.9312342
0.9312342
0.9312342
0.9312342
0.9312342
0.9312342
0.9312342
0.9312342
0.9312342
0.9312342
0.9312342
0.9312342
0.9312342
0.9312342
0.9312342
0.9312342
0.9312342
0.9312342
0.9312342
0.9312342
0.9312342
0.9312342
0.9312342
0.9312342
0.9312342
0.9312342
0.9312342
0.9312342
0.9312342
0.9312342
0.9312342
0.9312342
0.9312342
0.9312342
0.9312342
0.9312342
0.9312342
0.9312342
0.9312342
0.9312342
0.9312342
0.9312342
0.9312342
0.9312342
0.9312342
0.9312342
0.9312342
0.9312342
0.9312342
0.9312342
0.9312342
0.9312342
0.9312342
0.9312342
0.9312342
0.9312342
0.9312342
0.9312342
0.9312342
0.9312342
0.9312342
0.9312342
0.9312342
0.9312342
0.9312342
0.9312342
0.9312342
0.9312342
0.9312342
0.9312342
0.9312342
0.9312342
0.9312341
0.9312341
0.9312341
0.9312341
0.9312341
0.9312341
0.9312341
0.9312341
0.9312341
0.9312341
0.9312341
0.9312341
0.9312342
0.9312342
0.9312342
0.9312342
0.9312342
0.9312342
0.9312342
0.9312342
0.9312342
0.9312342
0.9312342
0.9312342
0.9312342
0.9312342
0.9312341
0.9312341
0.9312341
0.9312341
0.9312341
0.9312341
0.9312341
0.9312341
0.9312341
0.9312341
0.9312341
0.9312341
0.9312341
0.9312342
0.9312342
0.9312342
0.9312342
0.9312342
0.9312342
0.9312343
0.9312343
0.9312343
0.9312343
0.9312343
0.9312342
0.9312342
0.9312342
0.9312341
0.931234
0.9312339
0.9312338
0.9312337
0.9312337
0.9312336
0.9312335
0.9312334
0.9312334
0.9312334
0.9312334
0.9312334
0.9312334
0.9312335
0.9312336
0.9312336
0.9312337
0.9312337
0.9312337
0.9312337
0.9312336
0.9312335
0.9312333
0.9312331
0.9312329
0.9312327
0.9312325
0.9312323
0.9312321
0.9312319
0.9312318
0.9312316
0.9312315
0.9312314
0.9312313
0.9312312
0.9312312
0.9312311
0.931231
0.931231
0.9312309
0.9312308
0.9312307
0.9312306
0.9312305
0.9312304
0.9312303
0.9312302
0.9312301
0.9312299
0.9312298
0.9312297
0.9312295
0.9312293
0.9312292
0.931229
0.9312288
0.9312286
0.9312284
0.9312282
0.9312281
0.9312279
0.9312277
0.9312275
0.9312273
0.9312271
0.931227
0.9312268
0.9312267
0.9312265
0.9312264
0.9312263
0.9312262
0.931226
0.9312259
0.9312257
0.9312256
0.9312254
0.9312252
0.931225
0.9312248
0.9312245
0.9312243
0.9312241
0.9312239
0.9312236
0.9312235
0.9312233
0.9312232
0.931223
0.9312229
0.9312228
0.9312227
0.9312225
0.9312224
0.9312222
0.931222
0.9312218
0.9312215
0.9312213
0.931221
0.9312207
0.9312205
0.9312202
0.93122
0.9312197
0.9312195
0.9312193
0.9312191
0.931219
0.9312188
0.9312186
0.9312185
0.9312183
0.9312182
0.931218
0.9312178
0.9312176
0.9312174
0.9312172
0.931217
0.9312167
0.9312165
0.9312163
0.931216
0.9312158
0.9312156
0.9312155
0.9312153
0.9312151
0.931215
0.9312148
0.9312147
0.9312145
0.9312143
0.9312141
0.9312139
0.9312136
0.9312133
0.931213
0.9312127
0.9312124
0.9312121
0.9312117
0.9312114
0.9312111
0.9312109
0.9312106
0.9312103
0.9312101
0.9312099
0.9312097
0.9312095
0.9312093
0.9312091
0.9312089
0.9312087
0.9312085
0.9312083
0.931208
0.9312078
0.9312076
0.9312073
0.9312071
0.9312068
0.9312066
0.9312063
0.9312061
0.9312058
0.9312055
0.9312053
0.931205
0.9312047
0.9312045
0.9312042
0.9312038
0.9312035
0.9312032
0.9312028
0.9312024
0.931202
0.9312015
0.9312011
0.9312006
0.9312001
0.9311996
0.9311991
0.9311986
0.9311981
0.9311976
0.9311971
0.9311966
0.9311961
0.9311956
0.9311952
0.9311947
0.9311942
0.9311937
0.9311932
0.9311927
0.9311921
0.9311915
0.931191
0.9311903
0.9311897
0.931189
0.9311883
0.9311876
0.9311868
0.931186
0.9311852
0.9311844
0.9311835
0.9311827
0.9311818
0.9311809
0.9311799
0.931179
0.931178
0.931177
0.931176
0.9311749
0.9311738
0.9311727
0.9311715
0.9311704
0.9311691
0.9311679
0.9311666
0.9311653
0.9311639
0.9311625
0.9311611
0.9311596
0.9311581
0.9311565
0.9311549
0.9311533
0.9311517
0.93115
0.9311482
0.9311464
0.9311446
0.9311427
0.9311408
0.9311388
0.9311368
0.9311347
0.9311325
0.9311303
0.9311279
0.9311256
0.9311231
0.9311206
0.931118
0.9311153
0.9311126
0.9311098
0.931107
0.931104
0.931101
0.931098
0.9310948
0.9310916
0.9310883
0.931085
0.9310816
0.9310781
0.9310745
0.9310708
0.9310671
0.9310632
0.9310593
0.9310552
0.9310511
0.9310468
0.9310425
0.931038
0.9310335
0.9310288
0.931024
0.9310192
0.9310142
0.9310091
0.9310039
0.9309986
0.9309932
0.9309876
0.930982
0.9309762
0.9309702
0.9309641
0.9309579
0.9309516
0.930945
0.9309384
0.9309315
0.9309246
0.9309174
0.9309102
0.9309027
0.9308951
0.9308874
0.9308795
0.9308715
0.9308633
0.9308549
0.9308463
0.9308376
0.9308287
0.9308196
0.9308103
0.9308008
0.9307912
0.9307813
0.9307713
0.930761
0.9307506
0.93074
0.9307292
0.9307181
0.9307069
0.9306954
0.9306837
0.9306718
0.9306596
0.9306472
0.9306346
0.9306217
0.9306085
0.9305951
0.9305814
0.9305674
0.9305532
0.9305387
0.9305239
0.9305089
0.9304936
0.9304781
0.9304623
0.9304461
0.9304297
0.9304131
0.9303961
0.9303788
0.9303612
0.9303433
0.9303251
0.9303066
0.9302877
0.9302685
0.9302489
0.930229
0.9302087
0.9301881
0.9301671
0.9301458
0.9301241
0.930102
0.9300796
0.9300568
0.9300336
0.93001
0.929986
0.9299617
0.929937
0.9299118
0.9298862
0.9298603
0.9298339
0.929807
0.9297798
0.929752
0.9297239
0.9296952
0.9296661
0.9296365
0.9296064
0.9295758
0.9295447
0.9295131
0.929481
0.9294484
0.9294152
0.9293816
0.9293475
0.9293129
0.9292778
0.9292421
0.9292059
0.9291692
0.9291319
0.9290941
0.9290557
0.9290167
0.9289771
0.9289369
0.9288961
0.9288547
0.9288126
0.9287699
0.9287265
0.9286825
0.9286379
0.9285926
0.9285466
0.9285
0.9284527
0.9284047
0.928356
0.9283067
0.9282566
0.9282059
0.9281544
0.9281022
0.9280493
0.9279956
0.9279412
0.927886
0.92783
0.9277733
0.9277158
0.9276575
0.9275984
0.9275385
0.9274778
0.9274162
0.9273538
0.9272905
0.9272264
0.9271614
0.9270956
0.9270288
0.9269612
0.9268926
0.9268231
0.9267527
0.9266814
0.9266091
0.9265358
0.9264615
0.9263863
0.92631
0.9262327
0.9261544
0.926075
0.9259946
0.9259132
0.9258307
0.9257472
0.9256627
0.9255771
0.9254904
0.9254027
0.9253139
0.9252241
0.9251332
0.9250413
0.9249482
0.9248541
0.9247588
0.9246623
0.9245646
0.9244658
0.9243656
0.9242642
0.9241615
0.9240575
0.9239521
0.9238453
0.9237372
0.9236276
0.9235167
0.9234045
0.9232909
0.9231759
0.9230595
0.9229418
0.9228228
0.9227024
0.9225806
0.9224576
0.9223331
0.9222073
0.9220801
0.9219515
0.9218215
0.92169
0.921557
0.9214225
0.9212864
0.9211487
0.9210094
0.9208684
0.9207256
0.9205812
0.9204351
0.9202873
0.9201377
0.9199864
0.9198335
0.9196788
0.9195226
0.9193646
0.919205
0.9190438
0.9188809
0.9187162
0.9185498
0.9183817
0.9182117
0.9180398
0.9178661
0.9176904
0.9175127
0.917333
0.9171513
0.9169676
0.9167819
0.9165942
0.9164045
0.9162129
0.9160193
0.9158238
0.9156262
0.9154267
0.9152251
0.9150214
0.9148156
0.9146076
0.9143975
0.9141851
0.9139705
0.9137537
0.9135347
0.9133134
0.9130899
0.9128641
0.9126361
0.9124058
0.9121732
0.9119383
0.911701
0.9114614
0.9112194
0.9109749
0.910728
0.9104786
0.9102268
0.9099725
0.9097158
0.9094565
0.9091947
0.9089304
0.9086635
0.908394
0.9081219
0.9078471
0.9075698
0.9072897
0.9070071
0.9067217
0.9064337
0.9061429
0.9058493
0.905553
0.9052539
0.904952
0.9046472
0.9043396
0.9040292
0.9037158
0.9033996
0.9030805
0.9027585
0.9024335
0.9021056
0.9017747
0.9014407
0.9011038
0.9007638
0.9004208
0.9000747
0.8997256
0.8993732
0.8990178
0.8986591
0.8982973
0.8979322
0.897564
0.8971925
0.8968177
0.8964397
0.8960583
0.8956737
0.8952858
0.8948946
0.8945001
0.8941022
0.893701
0.8932964
0.8928885
0.8924772
0.8920624
0.8916443
0.8912226
0.8907975
0.8903689
0.8899367
0.889501
0.8890617
0.8886189
0.8881724
0.8877223
0.8872686
0.8868113
0.8863502
0.8858856
0.8854172
0.8849452
0.8844695
0.8839901
0.883507
0.8830202
0.8825296
0.8820353
0.8815372
0.8810353
0.8805296
0.8800202
0.8795069
0.8789897
0.8784687
0.8779438
0.877415
0.8768823
0.8763457
0.8758051
0.8752606
0.8747122
0.8741598
0.8736034
0.8730431
0.8724788
0.8719105
0.8713382
0.870762
0.8701818
0.8695975
0.8690092
0.868417
0.8678207
0.8672203
0.866616
0.8660075
0.8653951
0.8647785
0.8641579
0.8635332
0.8629045
0.8622716
0.8616347
0.8609937
0.8603486
0.8596994
0.8590461
0.8583888
0.8577273
0.8570618
0.8563922
0.8557185
0.8550408
0.854359
0.8536731
0.8529832
0.8522892
0.8515911
0.850889
0.8501828
0.8494726
0.8487584
0.8480401
0.8473177
0.8465914
0.8458611
0.8451267
0.8443884
0.8436461
0.8428999
0.8421497
0.8413955
0.8406374
0.8398754
0.8391095
0.8383397
0.8375661
0.8367885
0.8360072
0.8352219
0.8344329
0.8336401
0.8328435
0.8320431
0.831239
0.8304311
0.8296196
0.8288043
0.8279853
0.8271627
0.8263365
0.8255067
0.8246732
0.8238363
0.8229958
0.8221518
0.8213043
0.8204535
0.8195991
0.8187414
0.8178804
0.817016
0.8161483
0.8152774
0.8144032
0.8135258
0.8126452
0.8117615
0.8108746
0.8099846
0.8090916
0.8081955
0.8072964
0.8063944
0.8054894
0.8045815
0.8036707
0.8027571
0.8018407
0.8009216
0.7999998
0.7990753
0.7981482
0.7972185
0.7962862
0.7953514
0.7944141
0.7934743
0.7925321
0.7915874
0.7906405
0.7896912
0.7887396
0.7877858
0.7868298
0.7858717
0.7849115
0.7839493
0.7829851
0.782019
0.781051
0.7800812
0.7791096
0.7781363
0.7771612
0.7761845
0.7752061
0.7742262
0.7732447
0.7722616
0.771277
0.770291
0.7693036
0.7683147
0.7673246
0.7663331
0.7653403
0.7643464
0.7633513
0.7623551
0.7613579
0.7603596
0.7593604
0.7583604
0.7573594
0.7563577
0.7553552
0.754352
0.7533481
0.7523436
0.7513385
0.7503329
0.7493268
0.7483203
0.7473134
0.7463062
0.7452986
0.7442907
0.7432825
0.7422742
0.7412656
0.7402569
0.7392481
0.7382392
0.7372302
0.7362213
0.7352125
0.7342038
0.7331953
0.7321869
0.7311788
0.7301709
0.7291634
0.7281563
0.7271495
0.7261433
0.7251375
0.7241323
0.7231277
0.7221237
0.7211204
0.7201178
0.719116
0.7181149
0.7171146
0.7161152
0.7151166
0.7141189
0.7131222
0.7121264
0.7111317
0.710138
0.7091453
0.7081538
0.7071634
0.7061742
0.7051863
0.7041996
0.7032143
0.7022302
0.7012476
0.7002664
0.6992866
0.6983084
0.6973316
0.6963564
0.6953828
0.6944108
0.6934405
0.6924718
0.6915048
0.6905394
0.6895759
0.6886141
0.687654
0.6866958
0.6857395
0.684785
0.6838325
0.682882
0.6819334
0.6809869
0.6800425
0.6791001
0.6781599
0.6772219
0.676286
0.6753524
0.6744209
0.6734916
0.6725646
0.6716399
0.6707173
0.6697971
0.6688791
0.6679635
0.6670503
0.6661394
0.6652311
0.6643252
0.6634218
0.6625209
0.6616225
0.6607268
0.6598335
0.6589429
0.6580549
0.6571694
0.6562866
0.6554065
0.654529
0.6536543
0.6527822
0.6519129
0.6510463
0.6501825
0.6493215
0.6484632
0.6476077
0.646755
0.6459052
0.6450581
0.644214
0.6433727
0.6425343
0.6416987
0.6408662
0.6400365
0.6392098
0.6383861
0.6375653
0.6367474
0.6359325
0.6351206
0.6343117
0.6335058
0.6327028
0.6319029
0.631106
0.630312
0.6295212
0.6287333
0.6279486
0.6271668
0.6263882
0.6256126
0.62484
0.6240706
0.6233042
0.6225409
0.6217808
0.6210237
0.6202697
0.6195188
0.618771
0.6180263
0.6172847
0.6165462
0.6158108
0.6150786
0.6143494
0.6136233
0.6129004
0.6121805
0.6114637
0.61075
0.6100394
0.6093319
0.6086275
0.6079262
0.6072279
0.6065327
0.6058407
0.6051517
0.6044658
0.6037829
0.6031032
0.6024266
0.601753
0.6010825
0.6004151
0.5997508
0.5990895
0.5984312
0.597776
0.5971238
0.5964746
0.5958285
0.5951853
0.5945452
0.593908
0.5932738
0.5926426
0.5920144
0.5913891
0.5907668
0.5901475
0.589531
0.5889176
0.588307
0.5876993
0.5870946
0.5864927
0.5858938
0.5852977
0.5847046
0.5841143
0.5835268
0.5829423
0.5823605
0.5817817
0.5812056
0.5806324
0.580062
0.5794944
0.5789296
0.5783675
0.5778082
0.5772517
0.5766978
0.5761467
0.5755983
0.5750525
0.5745094
0.573969
0.5734312
0.5728961
0.5723635
0.5718337
0.5713064
0.5707818
0.5702598
0.5697403
0.5692235
0.5687093
0.5681976
0.5676885
0.5671819
0.5666778
0.5661763
0.5656772
0.5651807
0.5646866
0.564195
0.5637058
0.563219
0.5627347
0.5622528
0.5617733
0.5612961
0.5608213
0.5603489
0.5598789
0.5594111
0.5589457
0.5584826
0.5580217
0.5575632
0.5571068
0.5566527
0.5562008
0.5557512
0.5553037
0.5548585
0.5544154
0.5539746
0.5535359
0.5530995
0.5526652
0.5522331
0.5518031
0.5513753
0.5509496
0.5505261
0.5501046
0.5496852
0.5492679
0.5488526
0.5484394
0.5480281
0.5476188
0.5472115
0.5468062
0.5464028
0.5460013
0.5456017
0.545204
0.5448083
0.5444144
0.5440224
0.5436322
0.543244
0.5428576
0.5424731
0.5420904
0.5417095
0.5413305
0.5409534
0.540578
0.5402044
0.5398326
0.5394626
0.5390944
0.5387279
0.5383631
0.538
0.5376387
0.537279
0.536921
0.5365646
0.5362099
0.5358568
0.5355053
0.5351555
0.5348072
0.5344606
0.5341155
0.5337721
0.5334302
0.5330899
0.5327511
0.5324139
0.5320782
0.5317441
0.5314115
0.5310803
0.5307507
0.5304225
0.5300958
0.5297706
0.5294467
0.5291244
0.5288034
0.5284838
0.5281657
0.527849
0.5275336
0.5272197
0.5269071
0.5265958
0.5262859
0.5259774
0.5256702
0.5253643
0.5250598
0.5247565
0.5244546
0.5241539
0.5238545
0.5235564
0.5232595
0.5229639
0.5226695
0.5223764
0.5220844
0.5217937
0.5215041
0.5212157
0.5209286
0.5206425
0.5203577
0.520074
0.5197915
0.5195102
0.51923
0.5189509
0.518673
0.5183962
0.5181205
0.517846
0.5175725
0.5173001
0.5170288
0.5167585
0.5164893
0.5162211
0.515954
0.5156879
0.5154228
0.5151587
0.5148956
0.5146335
0.5143724
0.5141122
0.513853
0.5135948
0.5133375
0.5130812
0.5128258
0.5125713
0.5123178
0.5120653
0.5118137
0.511563
0.5113133
0.5110644
0.5108165
0.5105696
0.5103235
0.5100782
0.5098339
0.5095904
0.5093478
0.509106
0.508865
0.5086249
0.5083855
0.508147
0.5079093
0.5076724
0.5074362
0.5072009
0.5069663
0.5067326
0.5064996
0.5062674
0.5060359
0.5058052
0.5055753
0.5053461
0.5051177
0.50489
0.504663
0.5044368
0.5042112
0.5039864
0.5037624
0.503539
0.5033163
0.5030943
0.502873
0.5026523
0.5024323
0.502213
0.5019944
0.5017763
0.501559
0.5013423
0.5011262
0.5009108
0.5006959
0.5004818
0.5002682
0.5000553
0.4998429
0.4996312
0.4994201
0.4992096
0.4989996
0.4987903
0.4985815
0.4983734
0.4981658
0.4979588
0.4977523
0.4975464
0.4973411
0.4971363
0.496932
0.4967283
0.4965251
0.4963224
0.4961203
0.4959187
0.4957176
0.495517
0.4953168
0.4951172
0.4949181
0.4947194
0.4945212
0.4943235
0.4941263
0.4939296
0.4937333
0.4935375
0.4933421
0.4931472
0.4929528
0.4927589
0.4925654
0.4923723
0.4921797
0.4919876
0.4917959
0.4916046
0.4914138
0.4912234
0.4910334
0.4908438
0.4906546
0.4904658
0.4902774
0.4900894
0.4899017
0.4897145
0.4895276
0.4893411
0.4891549
0.4889692
0.4887838
0.4885988
0.4884141
0.4882298
0.4880459
0.4878624
0.4876792
0.4874964
0.4873139
0.4871317
0.4869499
0.4867684
0.4865872
0.4864064
0.4862258
0.4860456
0.4858657
0.485686
0.4855067
0.4853277
0.485149
0.4849706
0.4847925
0.4846146
0.4844371
0.4842599
0.4840829
0.4839063
0.4837299
0.4835539
0.4833781
0.4832026
0.4830273
0.4828524
0.4826776
0.4825032
0.4823289
0.4821549
0.4819811
0.4818076
0.4816343
0.4814612
0.4812883
0.4811157
0.4809433
0.4807712
0.4805993
0.4804277
0.4802563
0.4800851
0.4799141
0.4797434
0.4795729
0.4794025
0.4792324
0.4790624
0.4788926
0.478723
0.4785536
0.4783843
0.4782152
0.4780463
0.4778775
0.477709
0.4775406
0.4773724
0.4772044
0.4770366
0.476869
0.4767015
0.4765343
0.4763671
0.4762002
0.4760334
0.4758668
0.4757003
0.4755339
0.4753676
0.4752015
0.4750356
0.4748697
0.474704
0.4745383
0.4743728
0.4742075
0.4740422
0.4738771
0.4737121
0.4735472
0.4733825
0.4732178
0.4730533
0.4728889
0.4727246
0.4725605
0.4723964
0.4722324
0.4720685
0.4719047
0.471741
0.4715774
0.4714138
0.4712504
0.471087
0.4709236
0.4707604
0.4705972
0.4704341
0.470271
0.4701081
0.4699451
0.4697823
0.4696195
0.4694567
0.469294
0.4691314
0.4689688
0.4688062
0.4686437
0.4684812
0.4683188
0.4681565
0.4679941
0.4678318
0.4676696
0.4675073
0.4673451
0.467183
0.4670208
0.4668587
0.4666966
0.4665345
0.4663725
0.4662105
0.4660484
0.4658864
0.4657244
0.4655624
0.4654005
0.4652385
0.4650765
0.4649144
0.4647524
0.4645904
0.4644283
0.4642662
0.4641041
0.4639419
0.4637797
0.4636175
0.4634553
0.463293
0.4631307
0.4629684
0.462806
0.4626437
0.4624813
0.4623188
0.4621563
0.4619938
0.4618312
0.4616686
0.4615059
0.4613432
0.4611804
0.4610175
0.4608546
0.4606916
0.4605286
0.4603655
0.4602023
0.460039
0.4598757
0.4597123
0.4595488
0.4593852
0.4592216
0.4590578
0.458894
0.4587301
0.458566
0.4584019
0.4582377
0.4580733
0.4579089
0.4577443
0.4575797
0.4574149
0.45725
0.457085
0.4569198
0.4567546
0.4565892
0.4564236
0.456258
0.4560922
0.4559263
0.4557602
0.455594
0.4554277
0.4552613
0.4550947
0.4549279
0.454761
0.454594
0.4544268
0.4542595
0.454092
0.4539243
0.4537565
0.4535885
0.4534203
0.453252
0.4530835
0.4529148
0.4527459
0.4525768
0.4524075
0.4522381
0.4520684
0.4518986
0.4517285
0.4515583
0.4513878
0.4512171
0.4510462
0.4508751
0.4507037
0.4505322
0.4503604
0.4501884
0.4500162
0.4498437
0.4496711
0.4494981
0.449325
0.4491516
0.4489779
0.448804
0.4486299
0.4484555
0.4482808
0.4481059
0.4479307
0.4477553
0.4475796
0.4474037
0.4472275
0.447051
0.4468743
0.4466973
0.44652
0.4463424
0.4461645
0.4459863
0.4458078
0.445629
0.4454498
0.4452704
0.4450906
0.4449104
0.44473
0.4445492
0.4443682
0.4441868
0.444005
0.4438229
0.4436405
0.4434578
0.4432747
0.4430913
0.4429075
0.4427233
0.4425388
0.442354
0.4421687
0.4419831
0.4417971
0.4416107
0.441424
0.4412368
0.4410493
0.4408614
0.440673
0.4404843
0.4402952
0.4401057
0.4399158
0.4397254
0.4395347
0.4393435
0.4391518
0.4389598
0.4387673
0.4385744
0.438381
0.4381871
0.4379928
0.437798
0.4376028
0.4374071
0.4372108
0.4370141
0.436817
0.4366193
0.4364211
0.4362224
0.4360233
0.4358237
0.4356235
0.4354229
0.4352218
0.4350202
0.4348181
0.4346154
0.4344122
0.4342086
0.4340043
0.4337995
0.4335942
0.4333883
0.4331818
0.4329748
0.4327671
0.4325589
0.43235
0.4321406
0.4319305
0.4317199
0.4315086
0.4312967
0.4310842
0.4308711
0.4306574
0.4304431
0.4302281
0.4300125
0.4297963
0.4295794
0.4293619
0.4291437
0.4289248
0.4287053
0.4284851
0.4282642
0.4280426
0.4278203
0.4275974
0.4273737
0.4271494
0.4269243
0.4266985
0.426472
0.4262447
0.4260167
0.4257879
0.4255583
0.425328
0.4250969
0.424865
0.4246323
0.4243989
0.4241646
0.4239296
0.4236937
0.4234571
0.4232197
0.4229814
0.4227423
0.4225024
0.4222616
0.42202
0.4217775
0.4215341
0.4212898
0.4210447
0.4207987
0.4205518
0.4203039
0.4200552
0.4198055
0.4195549
0.4193034
0.419051
0.4187976
0.4185432
0.4182879
0.4180316
0.4177744
0.4175161
0.4172569
0.4169966
0.4167354
0.4164731
0.4162098
0.4159455
0.4156801
0.4154137
0.4151462
0.4148777
0.4146081
0.4143374
0.4140657
0.4137929
0.4135189
0.4132439
0.4129677
0.4126904
0.412412
0.4121325
0.4118517
0.4115698
0.4112868
0.4110025
0.410717
0.4104303
0.4101424
0.4098532
0.4095628
0.4092711
0.4089782
0.408684
0.4083885
0.4080918
0.4077938
0.4074945
0.4071939
0.406892
0.4065888
0.4062842
0.4059783
0.405671
0.4053624
0.4050523
0.4047409
0.4044281
0.4041138
0.4037981
0.403481
0.4031624
0.4028424
0.4025209
0.402198
0.4018735
0.4015476
0.4012202
0.4008912
0.4005607
0.4002287
0.3998952
0.39956
0.3992233
0.398885
0.398545
0.3982035
0.3978603
0.3975155
0.397169
0.3968209
0.3964711
0.3961196
0.3957665
0.3954116
0.3950551
0.3946968
0.3943367
0.3939749
0.3936113
0.3932459
0.3928786
0.3925095
0.3921386
0.3917658
0.3913912
0.3910147
0.3906363
0.3902561
0.3898739
0.3894899
0.3891039
0.3887161
0.3883263
0.3879345
0.3875408
0.3871451
0.3867473
0.3863476
0.3859458
0.3855419
0.385136
0.3847279
0.3843178
0.3839055
0.3834911
0.3830745
0.3826558
0.3822348
0.3818117
0.3813864
0.3809589
0.3805291
0.3800971
0.3796628
0.3792263
0.3787875
0.3783464
0.377903
0.3774572
0.3770091
0.3765586
0.3761058
0.3756505
0.3751929
0.3747327
0.3742702
0.3738051
0.3733376
0.3728676
0.3723951
0.37192
0.3714424
0.3709622
0.3704794
0.3699941
0.3695062
0.3690158
0.3685227
0.368027
0.3675286
0.3670277
0.366524
0.3660175
0.3655084
0.3649964
0.3644817
0.3639641
0.3634436
0.3629203
0.3623941
0.361865
0.361333
0.3607981
0.3602604
0.3597197
0.3591762
0.3586298
0.3580805
0.3575282
0.356973
0.3564148
0.3558536
0.3552894
0.3547221
0.3541517
0.3535782
0.3530015
0.3524217
0.3518388
0.3512526
0.3506633
0.3500707
0.349475
0.348876
0.3482738
0.3476683
0.3470596
0.3464477
0.3458324
0.3452139
0.344592
0.3439667
0.3433381
0.3427062
0.3420708
0.341432
0.3407898
0.3401441
0.339495
0.3388424
0.3381864
0.3375269
0.3368638
0.3361973
0.3355273
0.3348537
0.3341765
0.3334959
0.3328116
0.3321237
0.3314323
0.3307372
0.3300385
0.3293362
0.3286302
0.3279205
0.3272072
0.3264902
0.3257696
0.3250452
0.3243171
0.3235853
0.3228497
0.3221104
0.3213674
0.3206206
0.31987
0.3191156
0.3183574
0.3175955
0.3168297
0.3160601
0.3152867
0.3145096
0.3137286
0.3129439
0.3121553
0.3113629
0.3105667
0.3097668
0.3089629
0.3081553
0.3073438
0.3065284
0.3057092
0.3048861
0.3040592
0.3032284
0.3023938
0.3015553
0.300713
0.2998668
0.2990169
0.298163
0.2973054
0.296444
0.2955787
0.2947096
0.2938368
0.2929601
0.2920797
0.2911955
0.2903075
0.2894158
0.2885203
0.287621
0.286718
0.2858113
0.2849009
0.2839868
0.283069
0.2821476
0.2812225
0.2802938
0.2793614
0.2784255
0.277486
0.2765429
0.2755963
0.2746461
0.2736924
0.2727353
0.2717746
0.2708105
0.269843
0.2688721
0.2678978
0.2669202
0.2659392
0.2649551
0.2639676
0.262977
0.2619831
0.2609861
0.259986
0.2589828
0.2579764
0.256967
0.2559546
0.2549392
0.2539208
0.2528995
0.2518753
0.2508482
0.2498183
0.2487856
0.2477502
0.2467121
0.2456713
0.2446279
0.243582
0.2425335
0.2414827
0.2404294
0.2393738
0.2383158
0.2372557
0.2361933
0.2351288
0.2340621
0.2329934
0.2319226
0.2308498
0.229775
0.2286982
0.2276195
0.2265389
0.2254566
0.2243725
0.2232866
0.2221992
0.2211101
0.2200195
0.2189274
0.217834
0.2167392
0.2156431
0.2145457
0.2134473
0.2123477
0.2112472
0.2101457
0.2090432
0.20794
0.2068359
0.205731
0.2046254
0.2035192
0.2024124
0.201305
0.2001971
0.1990888
0.19798
0.196871
0.1957617
0.1946521
0.1935424
0.1924326
0.1913229
0.1902131
0.1891035
0.187994
0.1868848
0.1857759
0.1846673
0.1835591
0.1824514
0.1813442
0.1802375
0.1791314
0.178026
0.1769213
0.1758173
0.1747141
0.1736118
0.1725104
0.17141
0.1703107
0.1692125
0.1681155
0.1670197
0.1659253
0.1648322
0.1637405
0.1626502
0.1615615
0.1604743
0.1593887
0.1583047
0.1572225
0.156142
0.1550633
0.1539864
0.1529115
0.1518386
0.1507676
0.1496987
0.148632
0.1475673
0.1465049
0.1454446
0.1443866
0.143331
0.1422776
0.1412267
0.1401783
0.1391323
0.138089
0.1370482
0.1360101
0.1349748
0.1339422
0.1329123
0.1318853
0.1308612
0.1298399
0.1288216
0.1278063
0.126794
0.1257847
0.1247785
0.1237754
0.1227755
0.1217788
0.1207854
0.1197953
0.1188085
0.1178251
0.1168451
0.1158685
0.1148955
0.1139259
0.1129598
0.1119973
0.1110384
0.1100831
0.1091315
0.1081835
0.1072393
0.1062988
0.1053621
0.1044292
0.1035002
0.1025751
0.101654
0.1007368
0.09982358
0.09891442
0.0980093
0.09710824
0.09621126
0.09531839
0.09442964
0.09354504
0.09266462
0.0917884
0.09091641
0.09004868
0.08918523
0.08832609
0.08747128
0.08662082
0.08577473
0.08493302
0.08409573
0.08326286
0.08243443
0.08161046
0.08079097
0.07997599
0.07916553
0.07835962
0.07755828
0.07676154
0.07596941
0.07518192
0.07439908
0.07362089
0.07284738
0.07207855
0.07131441
0.07055496
0.0698002
0.06905016
0.06830483
0.06756423
0.06682836
0.06609723
0.06537087
0.06464927
0.06393245
0.06322041
0.06251317
0.06181073
0.06111309
0.06042027
0.05973226
0.05904907
0.0583707
0.05769716
0.05702846
0.05636458
0.05570555
0.05505136
0.05440201
0.05375751
0.05311785
0.05248304
0.05185307
0.05122794
0.05060765
0.04999218
0.04938154
0.04877572
0.04817472
0.04757853
0.04698714
0.04640055
0.04581876
0.04524176
0.04466954
0.04410211
0.04353944
0.04298155
0.04242841
0.04188002
0.04133638
0.04079746
0.04026327
0.03973378
0.03920899
0.03868889
0.03817346
0.03766269
0.03715657
0.03665509
0.03615824
0.035666
0.03517836
0.0346953
0.03421682
0.0337429
0.03327353
0.03280868
0.03234835
0.03189252
0.03144116
0.03099428
0.03055183
0.03011382
0.02968021
0.029251
0.02882616
0.02840568
0.02798953
0.0275777
0.02717017
0.02676692
0.02636793
0.02597319
0.02558266
0.02519634
0.0248142
0.02443622
0.02406238
0.02369267
0.02332706
0.02296553
0.02260807
0.02225464
0.02190522
0.02155981
0.02121837
0.02088088
0.02054731
0.02021765
0.01989186
0.01956993
0.01925184
0.01893756
0.01862706
0.01832032
0.01801732
0.01771803
0.01742244
0.01713051
0.01684222
0.01655755
0.01627648
0.01599897
0.01572501
0.01545457
0.01518762
0.01492415
0.01466413
0.01440753
0.01415432
0.01390448
0.01365797
0.01341479
0.01317489
0.01293827
0.0127049
0.01247475
0.01224778
0.01202399
0.01180333
0.01158578
0.01137132
0.01115993
0.01095158
0.01074626
0.01054394
0.01034459
0.01014819
0.009954699
0.009764084
0.009576314
0.00939136
0.009209193
0.00902979
0.008853129
0.008679187
0.008507941
0.008339367
0.008173435
0.008010114
0.007849371
0.007691168
0.007535474
0.007382253
0.007231479
0.007083125
0.006937171
0.0067936
0.006652398
0.006513553
0.006377052
0.006242881
0.006111022
0.005981452
0.005854146
0.00572907
0.005606189
0.005485463
0.005366851
0.005250313
0.005135807
0.005023295
0.00491274
0.00480411
0.004697375
0.004592508
0.004489488
0.004388293
0.004288907
0.004191314
0.004095496
0.00400144
0.003909127
0.003818539
0.003729655
0.003642451
0.003556901
0.003472974
0.003390641
0.003309869
0.003230623
0.003152871
0.003076578
0.003001711
0.002928238
0.002856128
0.002785352
0.002715883
0.002647692
0.002580755
0.002515049
0.00245055
0.002387235
0.002325082
0.002264068
0.002204172
0.00214537
0.002087637
0.002030949
0.001975277
0.001920595
0.001866872
0.001814078
0.001762179
0.001711141
0.001660931
0.001611513
0.001562853
0.001514915
0.001467669
0.001421083
0.001375129
0.001329784
0.001285026
0.001240841
0.001197215
0.001154142
0.001111617
0.00106964
0.001028211
0.0009873315
0.0009469994
0.0009072102
0.0008679524
0.0008292058
0.0007909393
0.0007531085
0.0007156548
0.0006785041
0.000641567
0.0006047402
0.0005679089
0.0005309505
0.0004937397
0.0004561552
0.0004180873
0.0003794467
0.0003401731
0.0003002449
0.0002596878
0.0002185822
0.000177069
0.000135353
9.370265e-05
5.244639e-05
1.196509e-05
-2.732009e-05
-6.496385e-05
-0.0001005165
-0.0001335469
