stem,iteration,rms_V,peak_V,ripple_V,line_err_mV_mon,line_drive_mV_awg,b3_10_mVmon,b10_25_mVmon,b25_33_mVmon,b33_40_mVmon,b40_60_mVmon
PR1PX1C,0,40.42762769121526,187.63030151513493,2.9071691511645863,0.20763967226239374,4.4059718944340055e-05,1.2203852648075588,1.190211417303622,0.5763970388612408,0.20974837697011478,0.30002870260043313
PR1PX1C,1,14.460288615503204,63.35021144267161,2.0497532269157954,0.20753018886540037,2.2464640445712294,0.9757030602822455,1.495585979300219,0.6954865511211846,0.2411332357394227,0.2983700688468587
PR1PX1C,2,5.56066527970259,22.302798411007018,1.8403124168272809,0.18554308887021173,2.6879570408471625,0.7302348289515125,1.3825296466044945,0.7065312220529198,0.24660936537326816,0.304419066422894
PR1PX1C,3,2.441498684708149,10.97444426094385,1.5537291798884711,0.17798732397124722,3.4132728083007766,0.4182652660843144,1.1943229280291112,0.7213321995670029,0.24788101415022903,0.3183626321925265
PR1PX1C,4,1.523995898705434,6.561854221023316,1.3342110854509632,0.1569022180624814,4.203961044010711,0.24396411240423177,0.9864238365501626,0.6810623029572487,0.25704524023884634,0.32059760720591357
PR1PX1C,5,1.276668490833562,4.426860321152581,1.2103482647348893,0.15430069458612436,4.631217585262105,0.16750988261006625,0.8760247410361659,0.6233453464296809,0.24952110868843524,0.32743055926716086
PR1PX1C,6,1.0964592564753535,4.379916966501973,1.0588142901570234,0.12766071645941854,4.781498308424244,0.14550202336023474,0.7097996045037377,0.5551823461810191,0.2520544695577185,0.335238556671829
PR1PX1C,7,0.9644423504210992,4.274782959823753,0.9401786660456942,0.10807908264214651,4.639629422991434,0.1701577379034056,0.5988020429078339,0.46526728373426673,0.2380797653685331,0.33550120558182717
PR1PX1C,8,0.8987054939098446,4.32413333942424,0.8394198656160924,0.10418103334457036,4.333726764902253,0.16070081772472863,0.49363445473846557,0.41182876444440014,0.21961472024927442,0.3314654562064663
PR1PX1C,9,0.7729027936499849,3.4238110201456617,0.7526580283333875,0.08678037284609985,4.048212096953801,0.12478402564891497,0.4228149861001635,0.3430047781499639,0.20422449452571126,0.3246262880868305
PR1PX1C,10,0.7393939407002814,3.3654466139791115,0.6970232116790189,0.07364426351696403,3.4673346145492037,0.13645048817069694,0.3697880024230401,0.28499415111267357,0.19262853156160745,0.31818413730797585
PR1PX1C,11,0.6891295246978798,3.1938627321208557,0.646435453056032,0.0704351084129652,3.01016963449842,0.1522998857580637,0.32017565232597306,0.24248571393987176,0.17270212740902774,0.3065087594940537
PR1PX1C,12,0.6655393096875478,3.0976986754722713,0.6341625598176507,0.10836111707625085,2.880859722691127,0.1826797019130925,0.2937775716826819,0.21211673701431855,0.17158810202503957,0.3075419723183681
PR1PX1C,13,0.6278947544768289,3.3452934201456674,0.6036587590544397,0.08672407944848154,2.5539354125492433,0.12586741921721842,0.26662699211237467,0.217580509675589,0.16559765321858444,0.3042578488604007
PR1PX1C,14,0.5939418799251619,3.536874596367756,0.5711761271747392,0.05669308581689025,2.627101182898041,0.1392887821813601,0.22420908869193468,0.1997836564632416,0.16774948915574392,0.29558094372023364
PR1PX1C,15,0.6201785458856821,2.942336909339316,0.5863954061341163,0.0655630983529469,2.763251113112577,0.11653124037922274,0.252933284603617,0.20110532302124193,0.17180263415095237,0.30349069483649616
PR1PX1C,16,0.5899893438204314,3.0671278742984143,0.5714615357062613,0.07595692206661145,3.0261835543574853,0.12067228489906313,0.21107354246495974,0.19570232221062697,0.16960806142253193,0.30537527107656304
PR1PX1C,17,0.6254940820176966,3.1486848642083287,0.5987640711218687,0.1596884193340758,3.290108225167217,0.10133536866830496,0.27365683990560313,0.21802051215018217,0.17274798759094256,0.3054955605429071
PR1PX1C,18,0.6092959148829715,3.879942828288352,0.5821292729679013,0.14221857945394542,3.320309323261482,0.11688035992448786,0.24221009910428218,0.20070865634901153,0.16817946142313403,0.30439328574132046
PR1PX1C,19,0.5635730410134675,3.0937619263642357,0.5565763710777735,0.053456689895028615,3.4278938611532657,0.1064363205128637,0.18295241998332384,0.2028259609535809,0.16873060470849413,0.3023453187529948
PR1PX1C,20,0.5780432332807709,2.868116118437125,0.5603612380557524,0.0669300216683445,3.468973364276179,0.10882867105102105,0.18794556432348428,0.19204660695608114,0.17629661116313572,0.30269308261339867
P91PX1,0,93.42500950765394,312.7480704992971,2.8211932318965607,0.22484769840748098,4.105649341282465e-05,1.1301113953023174,1.1533807102872136,0.43793339434741296,0.21824883824236252,0.29315148329323004
P91PX1,1,39.64321551325113,135.94705810029507,2.2611107181152694,0.23624927411496327,2.3872745399902335,1.3476966657821845,1.3419611684218251,0.47537193417872475,0.27362631420150946,0.2916571261107167
P91PX1,2,17.68763520609465,63.378983319141824,2.3805521889220307,0.28193721712494907,3.2810957374488994,1.609781310759918,1.4231860718092553,0.5958072387607526,0.2669575477869404,0.2660738718600093
P91PX1,3,7.617993154768445,30.57645587201474,2.1241460419787663,0.31162510424684775,4.017974434546271,1.1278825667149697,1.5597012551259184,0.609613577940503,0.23826477103650479,0.28705980567250616
P91PX1,4,3.2997961362559938,16.199961894715287,1.7404061731152056,0.16356005841652213,2.8590841789117487,0.7922575950205535,1.3039161761163813,0.5968890623104325,0.23832218030274263,0.29327700352781677
P91PX1,5,2.027431463589052,10.786926328862911,1.6123735155438075,0.19514431208985245,3.860821511952606,0.5448718846766458,1.2689477661105852,0.6194218509760323,0.24290422110625687,0.301490388328117
P91PX1,6,1.6763767214202372,7.778657395106414,1.5379295367092782,0.22078686479952978,4.968041513439581,0.33078023969200765,1.2326204630926771,0.6590369739922104,0.24216940947874274,0.30125258416176776
P91PX1,7,1.4470875324785237,5.867925461200407,1.4201900312262847,0.22722286944043515,5.8106564650777495,0.22279448071986263,1.0975280815928126,0.6752688676814995,0.24929104813605754,0.3101893726206668
P91PX1,8,1.393356611035619,5.440868922041986,1.360796473971986,0.22195001234118275,6.819931139397175,0.1740533092019966,1.0027751173820905,0.6987628395451635,0.2529737138924113,0.3287703652882798
P91PX1,9,1.3214409190008705,5.556739730091742,1.2938116433425702,0.23178633055187567,7.217407466746801,0.1702595115215638,0.9136180172830828,0.696242316425184,0.25587911308254885,0.3342667810610483
P91PX1,10,1.2689517929329035,5.35436786118737,1.2336665493567478,0.21579518748919044,7.162783707417865,0.14938908993673394,0.8217087634306331,0.6958864352552562,0.26055534235551875,0.34345696747318666
P91PX1,11,1.2295193667356463,6.273088760230472,1.2078020296496075,0.2180408523287507,6.773396923703614,0.1360614714324397,0.812064388565229,0.6878909172905482,0.24182153233548942,0.33794231817331116
P91PX1,12,1.174332385815362,5.7292117904346185,1.1536317838029824,0.20723109546760687,6.006712302018088,0.1774176079054241,0.7303437449562975,0.6809284419329766,0.23019362136039465,0.3322803136274794
P91PX1,13,1.081769722517383,4.891462742883768,1.061765621800534,0.18029768876417993,4.970096575809094,0.1621219337367328,0.6473266100735531,0.6437379577995962,0.21055320564381474,0.31265965322543077
P91PX1,14,1.0585184274472963,4.547789703922334,1.0204818963558981,0.184914834219492,3.9163286879716277,0.1462998949077719,0.6071454843060824,0.6113278817024191,0.20736552799243452,0.3149602755182409
P91PX1,15,1.0988411810805647,5.386168645805434,1.0593781575055554,0.19579020751813547,3.1627778517903584,0.17544199606476202,0.636971756081763,0.650883151537735,0.1920593716953946,0.30018787407916364
P91PX1,16,1.0565399566804368,4.532143843809955,1.0005268419758728,0.1799083186731221,2.6745940579168157,0.1867458917213111,0.5762872616118822,0.61670511961287,0.1844252367006007,0.2928880520852214
P91PX1,17,1.0417145056408252,5.192478888527141,0.999125665414583,0.16288978795413822,3.1571312725260934,0.17692258077399498,0.5676643248095637,0.6146608325153899,0.1964592366035853,0.2943579972405839
P91PX1,18,1.0229041044597051,4.850682988213784,0.9988755659582286,0.16583463927546535,4.078637846430343,0.17681243450033585,0.5420805523062724,0.6382289133566007,0.19491038568363062,0.29409358191795115
P91PX1,19,1.032201197955414,4.988295580042212,1.0144064607351004,0.14260344047865545,4.82046413216587,0.16396403116772892,0.5319489663832687,0.6665070926220378,0.1975222587246274,0.29870188834600436
P91PX1,20,1.0177161709815223,4.813960474391088,1.0010900893368098,0.14244928875705953,5.110083147511131,0.1930157982049543,0.5152442864078934,0.6652047092132898,0.18975327241379558,0.29367572971037725
P92PX1,0,93.08190453398139,311.616859859841,2.7952063994179106,0.23415778515939184,4.105649341282465e-05,1.1378500191768,1.108785134855252,0.4299158943368805,0.20977030812823635,0.2847617064526598
P92PX1,1,39.665962624791305,136.25992780993013,2.1435018230940233,0.2549204342071526,2.6999894266051077,1.2275441200275643,1.239544555628188,0.4459414217466882,0.23998783880028265,0.28496156768093583
P92PX1,2,17.58810356871041,61.929251262847096,2.1857987022819243,0.2090875402354061,3.15979525050212,1.470666578791882,1.246510474745515,0.5807069447933642,0.2938629640007516,0.25338298246575086
P92PX1,3,7.680302669965056,29.18575166120263,2.033040251525297,0.32374300001209,3.2046340979452426,1.0718539888179195,1.485412961783951,0.5925369656142229,0.2207947989809454,0.26506480370870283
P92PX1,4,3.122914933698176,14.406431263346064,1.3890692968035054,0.1705534723021411,1.6739292671020227,0.7146590576846429,0.9779960323177859,0.41236778984103506,0.18036617285317955,0.25465652792104254
P92PX1,5,1.5062738088902725,8.6281078897672,1.0905225592624765,0.13814941533843306,2.1625169979206693,0.4516848050717929,0.7810811755900356,0.3707907203395597,0.17228459729786463,0.26245630123570585
P92PX1,6,0.9809181442983915,5.649183307601113,0.873130432651367,0.10594401520159387,3.042496709957461,0.28371294532481517,0.5861808807197182,0.3245255778162936,0.15687192204191616,0.26779486846731254
P92PX1,7,0.6980738788095487,4.064808932364716,0.6520486655017187,0.06317905693842193,3.5258482986372326,0.1718995570012209,0.33685619956800505,0.22404042586625605,0.14781169717230244,0.27700578235901513
P92PX1,8,0.5857418288461883,4.1920921607228046,0.563539287259173,0.03842714156036294,3.75229462489853,0.12280428161143538,0.1918514091209027,0.16230389248840227,0.13966505749764718,0.28192737847103067
P92PX1,9,0.5801194003677612,3.8625875423157208,0.551831170122903,0.04015054772497261,3.8534422970888746,0.1050144941191478,0.1673920029548477,0.14492550168352372,0.14368509005397842,0.2863290748895942
P92PX1,10,0.6130163135911328,3.472556107705582,0.5885481839204646,0.05972242558605668,3.933189493918172,0.12426999870206017,0.23804686003289494,0.1485535383024781,0.14247590132472132,0.29200812306950796
P92PX1,11,0.6263095269323896,4.142920230685299,0.6028149969129654,0.07198020011195456,3.9626807313165617,0.12906199479218883,0.26737259429976035,0.17017246324917595,0.14285009979672478,0.28756145032612074
P92PX1,12,0.5870395188277833,3.3903165758271125,0.5518205320828009,0.03559903035192086,3.887199620828092,0.10413952798725462,0.18201177302022112,0.11185142065447654,0.13810736096838477,0.2862491766557842
P92PX1,13,0.5743719285396153,3.9715630836070215,0.5424578592902493,0.043191866737891285,3.8579928229124096,0.10630187488758058,0.16595391146753277,0.09815331511406968,0.13105421290985755,0.290456118141175
P92PX1,14,0.5255568289981823,3.326461104504741,0.5150656414227861,0.039444255176232325,3.762071369009983,0.1117392214187292,0.10960595559711593,0.07294713494677717,0.12846956802136003,0.2816308475933287
P92PX1,15,0.5145056382335919,3.3796271622175134,0.5009071497033633,0.04235884792952272,3.756260757677946,0.08578485284717571,0.095322126582339,0.07433231192109116,0.12577102452133995,0.2793664249153867
P92PX1,16,0.5269693903704098,3.1768072476519027,0.5153491089445776,0.044497353715045894,3.6621592114700934,0.08166789234469951,0.09827066135082102,0.08174617837452836,0.13189048597504865,0.28576771183434974
P92PX1,17,0.5380263601325886,3.947032532364947,0.5111480527641251,0.04230209109084823,3.7565188300179897,0.11724444194568263,0.1417046635702558,0.07704238267111248,0.12224750110634595,0.27410517976345694
P92PX1,18,0.545300194391535,3.196980133436389,0.5351325491443069,0.04791828691256365,3.6978729113968223,0.11136485498546914,0.14683741145349755,0.1026378286042961,0.136651978479061,0.2802030371746291
P92PX1,19,0.5374945890751269,3.1709004422670883,0.5149796447009496,0.026312691140892158,3.6642755681368016,0.0837247777751857,0.0966720294846713,0.09287290021983718,0.1308363220543342,0.28355775817707685
P92PX1,20,0.5225767225471689,3.471791733435259,0.5143183421156681,0.04343989884117798,3.701273041997687,0.08461023198262707,0.11392163332420638,0.08924340809831004,0.13161296475319476,0.28176590758735476
P92PX1B,0,41.60002987735734,190.285111636323,2.889907105011439,0.18961097250641507,4.3453416220973085e-05,1.1228182666082132,1.1682447267733274,0.5441256007452175,0.23904429759187307,0.2925184994041702
P92PX1B,1,15.044207805984104,69.88829017069487,2.002767640394586,0.2227893176007233,2.0435077595663955,0.8677591681515562,1.3167023423920616,0.7233436164542032,0.33572103711778656,0.3073845614378507
P92PX1B,2,5.703258942569672,27.097417715494565,1.5872092421031998,0.22400184248778837,2.377079253511075,0.6527462036929034,1.0391163757997781,0.5590902810306679,0.2957273118972768,0.4502324270815564
P92PX1B,3,2.3201610324214768,12.711067247887065,1.1842295707652448,0.17190717651162252,3.2796694883972153,0.42238230181040687,0.7313351074660923,0.45115117640627383,0.22492199434156832,0.4090455164045529
P92PX1B,4,1.2357082553467174,5.967969298449338,0.915824286960152,0.11355183164736557,3.7985223413459352,0.29291532119150715,0.5173882915348622,0.3390531574240128,0.18233912680127523,0.3361709861037409
P92PX1B,5,0.7616542610277375,3.9917359181609324,0.6696234710383878,0.0876519954449844,4.069227241634243,0.18500577927350964,0.26404361070581067,0.2180114164171184,0.13760254660093718,0.2844267890565977
P92PX1B,6,0.5822657707102789,3.8360451852286204,0.549775611352238,0.03813575185854164,4.247257212581486,0.15349189940844463,0.19388364747043269,0.1619529263108214,0.11707510171208628,0.2268206270674272
P92PX1B,7,0.536011103365511,3.0088000559014283,0.48206636625806376,0.034233246499018634,4.221913864587052,0.12994574785458143,0.126141550821611,0.11946685861159297,0.09538179079797823,0.20257335620783357
P92PX1B,8,0.48694330164287397,2.7933144005267696,0.46706464531677055,0.03570310105268444,4.218806582039966,0.12437727061658953,0.14959147835102768,0.09897519117111137,0.08198369045834586,0.19833525522954487
P92PX1B,9,0.5217465304991593,3.470449169930223,0.4469716706081693,0.025181249181926817,4.231250175640416,0.11709560332457934,0.11988955357567443,0.07404047601751268,0.06660427173715296,0.19390133832836426
P92PX1B,10,0.46870698221062984,2.8302621185052335,0.43065166492907025,0.018965063797349944,4.242200399623549,0.09804786592506345,0.09652922625663628,0.05662908210388793,0.05759130624912923,0.18301267490005158
P92PX1B,11,0.4524836081721607,3.1182956690949393,0.4264328151904182,0.035771226419623124,4.321075061365894,0.08967797862106254,0.09862642911767035,0.058241834338142326,0.05117035516198283,0.1800657166765945
P92PX1B,12,0.47338907339561453,3.035487887306121,0.4455428895544354,0.05075744190143241,4.390980442885551,0.10526839131480788,0.14305161493106208,0.07335022471332169,0.05774440239504789,0.1893882273562717
P92PX1B,13,0.46280969287909185,3.330405502913081,0.4307686374052093,0.032292274931294884,4.252730759906384,0.0880791872140334,0.10413998207476932,0.05540404975670229,0.05487379086839123,0.19331935439631406
P92PX1B,14,0.46979674721875403,2.772106108116845,0.4235387988561403,0.019967486547672143,4.301669314653527,0.10126460489935993,0.09690707679432438,0.061030298512481776,0.05126368721394261,0.18957864065115307
P92PX1B,15,0.5044027318515882,2.794230051375024,0.4543907827981497,0.036157833539804084,4.166518514727713,0.11183522762445532,0.13303603941138703,0.06821071518827693,0.0571929516203199,0.19883353908185059
P92PX1B,16,0.4651910231281566,2.6529528951091397,0.43520814790297246,0.04030383008522098,4.163283737951638,0.0901563407150862,0.11211168741893589,0.0711547469663013,0.05525666151257326,0.2050936677868039
P92PX1B,17,0.461220801576545,2.852298702821221,0.44351511308490504,0.03305174861184605,4.079466746902976,0.09186032458563771,0.09958361789053648,0.06222950105724821,0.054445334732782354,0.2141863939956173
P92PX1B,18,0.5232499425158604,3.476779176851297,0.5100085259448368,0.04942309472704838,4.157846688153751,0.11497174849589804,0.2113986814955921,0.11880650279920237,0.07448046010595046,0.21682794023645907
P92PX1B,19,0.486719809512111,2.738153093636786,0.4552069592915269,0.03042455197147884,4.336868878071984,0.0940519275989918,0.10614631395309851,0.06914782566922958,0.06044302244533141,0.22349627444292072
P92PX1B,20,0.5056634725173441,2.9117937397727944,0.48996461253666673,0.08767316674264258,4.380193698001649,0.12379939284140976,0.14438101667208345,0.07031619862639017,0.05765898878844633,0.23653880638871053
P92PX1C,0,41.58579203865561,193.14937927300323,2.900144789423131,0.17819222090115738,4.3453416220973085e-05,1.115860947516049,1.1769762357342828,0.5480957824575803,0.24121055271910566,0.2957205341804176
P92PX1C,1,15.000927601620498,70.13445248920725,1.9360775421696572,0.20442347031587912,2.038153321880395,0.8453330283715531,1.32777750727926,0.6841308830483462,0.2842549066356623,0.2985533589500377
P92PX1C,2,5.66350543624817,26.91255078129773,1.529553207191948,0.20278809287685812,2.300253354067249,0.6595242089280422,1.0466199240613343,0.5636879176366968,0.2603870045946071,0.30939658808191395
P92PX1C,3,2.3158238743398267,12.229080761529287,1.054431146605677,0.14677088296733706,3.264044201412065,0.3715834558125897,0.677871030261525,0.4431078264536996,0.21506935932483864,0.29814536189297697
P92PX1C,4,1.1725330313244917,6.39927079803515,0.8335339740545401,0.1439256438054695,3.7594355080165727,0.23940555155497376,0.4789853219483436,0.34506569717431995,0.19304720206303289,0.2979833719339608
P92PX1C,5,0.7535219833794434,4.930439988582336,0.6592183065240068,0.07947513755594832,4.328561293088361,0.15829346670863287,0.2617252662772223,0.23040234185616246,0.16532255435694912,0.3067541099177082
P92PX1C,6,0.6262936115869208,3.5976932661963,0.5973689692465745,0.06527794421149347,4.546046442439708,0.11859484377177888,0.20177821025581288,0.18212181563177038,0.1540354165973177,0.29807203675755095
P92PX1C,7,0.6094945330091571,3.5961663055015247,0.5969730309021676,0.08965852947494239,4.496215503416178,0.10870583551640109,0.1939218024196919,0.14958923723704765,0.15610229698173994,0.3054309053579417
P92PX1C,8,0.5684662243409121,3.7348938184345037,0.5535683522400378,0.05843358583189914,4.40945532710888,0.0879179166333418,0.14379360705966981,0.0972180506348994,0.1393289213557762,0.3045517146054863
P92PX1C,9,0.5844751525363291,3.9053562167816747,0.5566154367810099,0.05001863599369123,4.314137874772764,0.10067876001096183,0.1187224808021532,0.08542329699455702,0.13829268543267012,0.30783981910398855
P92PX1C,10,0.5703782319514271,3.4906551811226816,0.5428194301706325,0.025255517105614283,4.1619221906802935,0.0986198252141354,0.11451110836261202,0.07575689351161922,0.13305641303494326,0.2995454413894482
P92PX1C,11,0.5776314784377333,3.5862578776769682,0.5551788436606677,0.04335738609062913,3.9676717546429106,0.09953164673445852,0.1873268661372892,0.10564293449752199,0.12815807085679903,0.2927488601966439
P92PX1C,12,0.537297690190671,3.6057986564005384,0.5260233283952401,0.08288230410087266,3.7580783192238414,0.08385643954641715,0.13692276566557482,0.07732637006479137,0.13344571680188413,0.2913987283883606
P92PX1C,13,0.6434317830976173,4.481927483606762,0.6263712224028751,0.1595873144612931,3.985183375132123,0.11368521089419698,0.303647706992003,0.1466397310969694,0.13479079443903108,0.3019527494166826
P92PX1C,14,0.5811961787819506,3.464893143312553,0.5442398217882565,0.12147913112502913,4.109856913259928,0.10591707927250728,0.18975612966711822,0.0944649006020194,0.13280736477093139,0.2837676483845384
P92PX1C,15,0.5443928878878922,3.468062086098067,0.5350540632956851,0.08161484312624473,3.799955499518623,0.09621242644296757,0.12805378622620966,0.08401750335090089,0.1320527561539353,0.29292012724092714
P92PX1C,16,0.5737753910859633,3.3467062477892107,0.5314728095363641,0.06347062621462216,3.729704642581282,0.08746407918027767,0.11112300394168893,0.08324014143646839,0.13223898090360128,0.29537037889047163
P92PX1C,17,0.5790591151208123,4.23451990350876,0.5610723472664698,0.14341178579436356,3.919407259439991,0.08650350399053428,0.19503452585931455,0.09960432573489297,0.13527259767535016,0.29679622852357174
P92PX1C,18,0.5522264676677329,3.5949348189336927,0.5318138308043758,0.0665406372992795,4.127295069729969,0.09667221719616491,0.11940302378527325,0.08380862916024262,0.1316125407472984,0.29025472037549965
P92PX1C,19,0.5842936750697415,3.3665408955512177,0.5288477777993378,0.03807366400683858,3.898621126312457,0.10101716520177297,0.13216399846214041,0.09119651706983445,0.12788881997153112,0.2883818050235925
P92PX1C,20,0.5354475903311702,3.730559509160569,0.5057654615394498,0.027637711117014394,3.8857180770784825,0.08903212435624182,0.12065105421745632,0.06949294275538331,0.12116753186424413,0.28247058519581364
P92PX1D,0,41.17803835185617,184.2707979435436,2.5230533840559652,0.04413615262052352,4.3453416220973085e-05,1.0282875288514388,0.4616496941642838,0.1573810434667374,0.08214211960304675,0.1153377175618734
P92PX1D,1,14.83730020825383,66.55011856839255,1.2257776914486256,0.08406575508940013,0.43718337900697063,0.7056759401374464,0.5255413567554424,0.196322011040164,0.09278298144690915,0.10648314993650486
P92PX1D,2,5.488049942605759,24.777830113767774,0.7488274948024017,0.031401028949138085,1.121869300465812,0.509075325809871,0.3664579073089879,0.13444909702051294,0.07982747833775825,0.10812324405920204
P92PX1D,3,2.054639409877521,10.141869987662977,0.4679704537840969,0.049689474929241015,1.0724778270464101,0.3195421029042627,0.2494023571505347,0.10133691445456568,0.060015263763722154,0.09904750144352319
P92PX1D,4,0.8637210617859588,4.352104903164178,0.332664901513499,0.05817406074639498,0.5998079971523745,0.19951947114136775,0.1858054092244282,0.07113217948794145,0.05359318459890682,0.0982005680520616
P92PX1D,5,0.4399908789651339,2.7572950544071384,0.2365949357974739,0.0371147678196059,0.9876622389252299,0.12463860714140992,0.11726677121955585,0.04801163439076319,0.04716836582006195,0.09655503300483696
P92PX1D,6,0.27204389951691704,1.7064074637049842,0.22293272760664368,0.04945701959838054,0.5895277049233932,0.10644323219028617,0.11249065066568967,0.05016846241343992,0.041020760089815304,0.08998212379095107
P92PX1D,7,0.2335414238942443,1.2890944942871574,0.21530490748691455,0.05285979517033841,1.0402572017333351,0.09440266593142722,0.10555122252906422,0.051282824300565,0.04118261033557085,0.09695358950024138
P92PX1D,8,0.3749191578773554,1.327316225894215,0.19506336047014855,0.01680845075535125,0.9887245787428298,0.08681442247752921,0.0776946075718705,0.042404114151775085,0.04333244185484268,0.08861212898752326
P92PX1D,9,0.27354337637697235,1.2336953158453845,0.19276115996702106,0.035201243582265215,0.9702601411587368,0.07477425386144639,0.08272665142366538,0.04433369272040323,0.04509353724953245,0.09647955702773225
P92PX1D,10,0.27078915606437254,2.8868646894164574,0.2487835006190504,0.10863153726116473,1.03927655826929,0.11311755979469194,0.15272111811379557,0.04961239847515778,0.045595441085017195,0.09504507826793611
P92PX1D,11,0.22089267202716814,2.133101510919454,0.20159677873833617,0.029744667632368046,0.5908073957261172,0.08772870454880614,0.0881405745015633,0.04329555064376595,0.04405738431811871,0.0900743061006839
P92PX1D,12,0.28219069511787775,1.3256742438036984,0.1932046830584075,0.017132605853817234,0.5878589519448217,0.0880251535519,0.0792912072041848,0.04130542114158531,0.03937076831047984,0.08700510159181232
P92PX1D,13,0.22502960669513253,1.5515406612487403,0.20471228502632893,0.03790577342150185,0.5109666348960897,0.0916465425546906,0.08806854962222872,0.04793358555105841,0.039488621527725525,0.09041558755725893
P92PX1D,14,0.21663461931418695,1.2870971633115458,0.19984478474962222,0.0482534167325402,0.4395751910845323,0.08713628651776052,0.09284932786181234,0.04285632293628101,0.03968100821956104,0.09086211687359208
P92PX1D,15,0.25874840271275495,2.242123405992169,0.23615480599169386,0.08086409161395869,0.5420420863268728,0.10359429251135585,0.13108249459460816,0.06050336688542004,0.04679890423033779,0.0919495832775962
P92PX1D,16,0.24347882803591736,1.7787614321012057,0.20011718390928496,0.06148763402007939,0.5984507863472613,0.07554506729102771,0.09826823279563786,0.04548000219823509,0.04144771789376671,0.08724393925725368
P92PX1D,17,0.2369934367293486,1.6610923840558733,0.20222156615878506,0.03517384237197205,0.6578562777208168,0.07895128530630326,0.09916879592845959,0.04741562144822352,0.04358407982077614,0.09515755326295007
P92PX1D,18,0.34196146532022553,1.5542215305890394,0.20476552160829248,0.014939628062915081,0.41525761659682753,0.10179130062949847,0.0837751882252667,0.04026043086075123,0.043760985343776974,0.08984027797846077
P92PX1D,19,0.22538648693105043,1.2457695608749653,0.20081460933294673,0.024386810582502357,0.4095366839995879,0.07888920213852571,0.08509493639313202,0.04798294092513959,0.04405719628027348,0.09543414815360368
P92PX1D,20,0.2550515098130591,1.480431954434147,0.20810358677046936,0.013515791318238594,0.4811288874046987,0.0974213979421745,0.08647127873943634,0.048466541970093535,0.04326662011719262,0.0911680169847324
P92PX1E,0,41.54889117370255,189.7982871764844,2.56339718134498,0.036759304386770913,4.3453416220973085e-05,1.0179237171784214,0.4551696405431867,0.1385996362972419,0.0777171263829615,0.11904373427892076
P92PX1E,1,14.925832998158969,67.5640645661687,1.123054183028185,0.06155774069909778,0.015418759417213065,0.665679593349274,0.43547455614818376,0.11927912905238981,0.07066845011936593,0.1133443730726481
P92PX1E,2,5.511403646533303,25.187440187087738,0.7563017354111773,0.0566885793947888,0.024173962042198523,0.4768517700375947,0.43394172590172697,0.12799877784314428,0.07010351132219547,0.10891165040427105
P92PX1E,3,2.118669600405439,9.46523891290485,0.589681870362985,0.052338049394387846,0.026398214992957778,0.325436728025675,0.4256994501603715,0.12550561377434444,0.06713110445068791,0.10795384895222314
P92PX1E,4,0.953577631411982,5.140884161417613,0.5443932760207504,0.04597203553705001,0.027284162044288032,0.2655564147955213,0.42159520717657356,0.1235422897851532,0.07100112892680482,0.11088520592195522
P92PX1E,5,0.6253368634067237,4.36452623889827,0.5351012268212016,0.04606440194345941,0.026448276422287982,0.24129872680966485,0.4261116115000619,0.12425204547421602,0.07322865411139158,0.10924471447918122
P92PX1E,6,0.5697805332607476,4.19888722622519,0.536299991319793,0.028983921207434406,0.026200961992120894,0.2422544057161972,0.42763037238873425,0.1252019769119035,0.07659169377730461,0.1095427101423967
P92PX1E,7,0.5595710030471167,3.686981338477724,0.5242171478298424,0.05285489186541164,0.02510313076695684,0.21922302047726838,0.42634830109488875,0.13129263597228277,0.07109437552463695,0.10935474426308296
P92PX1E,8,0.5328320036188275,3.8803343722316197,0.5200379591548074,0.023974511369703452,0.026754052785064538,0.2224948351352765,0.41947644284286423,0.12520026999270953,0.07667606002919146,0.10933142194048577
P92PX1E,9,0.5389764485981361,3.3449671185260543,0.5298434115325737,0.03195973957943121,0.028125646150910545,0.2225309605693076,0.43107376784110935,0.13013892076291664,0.06994590428736504,0.11006729674636302
P92PX1E,10,0.5494349399652394,4.304316325964786,0.5356648251445162,0.03461824413016538,0.026898944025759052,0.2397335646682095,0.4257675393336623,0.1316743457870198,0.07218441657202901,0.10488597391123419
P92PX1E,11,0.5383846169351434,3.261561951589609,0.5302269844558829,0.03463007343293684,0.026124473229238856,0.22436994730786325,0.4292264506968836,0.12516962328439818,0.0725230704168778,0.10511671292366859
P92PX1E,12,0.5736321181523245,4.115719297656362,0.5318952008147064,0.02617126595238849,0.02820704989886407,0.23111760229406256,0.42640719998132953,0.1337575667059204,0.07489353662762838,0.10462716465520605
P92PX1E,13,0.5493197521589656,3.6168107103580205,0.5366547251137636,0.02752212794191424,0.028390420415805483,0.22807620447393204,0.4332629538286949,0.13852679156826195,0.07269933531645573,0.1048704480189312
P92PX1E,14,0.548745536338843,3.783980942800691,0.5345775442403589,0.0253733434156761,0.02799911299311883,0.22830478247807678,0.43086870182692505,0.13412777432285525,0.07284467460782494,0.10871239866951872
P92PX1E,15,0.5349033366234862,3.6540818386112672,0.525416335557678,0.018597917647912965,0.027690057550979728,0.2186669340581909,0.42643674938458753,0.13245355546980722,0.07241726491678148,0.10148533309798978
P92PX1E,16,0.5702620944982569,4.608415742800687,0.5444846478878447,0.03960236964210399,0.027185636971487813,0.23770909900171963,0.43677833514631303,0.1366654109116179,0.07676517250273458,0.10762223526290263
P92PX1E,17,0.536285721317716,3.316108276133267,0.5291338990386542,0.0229237240989741,0.0266111137387485,0.22379959231905386,0.42945378320368455,0.13190160431467005,0.07009840024986298,0.10252690001825221
P92PX1E,18,0.5432595797421208,3.0719268051443427,0.5356654295474609,0.037012994601194484,0.026863783194843706,0.22491280016610063,0.4337166612381486,0.137781117976354,0.07165464913554155,0.10586404392458361
P92PX1E,19,0.7518513165703163,2.9460958026654716,0.6626156351163252,0.0258912216560727,0.027141296163505024,0.5998303911987508,0.19458198417755165,0.04545589872755557,0.030347094898475698,0.0500773232948577
P92PX1E,20,0.38306920361015556,2.347583165480005,0.3304661505829822,0.03191412819659252,0.02906444734535907,0.22734892038154408,0.1945801863905496,0.048222794810723585,0.033539515897290574,0.050408822114546926
P92PX1E,21,0.2872108197093413,1.811734058428216,0.27152068007233043,0.062482347301333924,0.027208900099709457,0.11607806463556049,0.20707456372715127,0.04266884916371614,0.03310413732770106,0.05690335015914038
P92PX1F,0,41.482480090015756,189.30768343241434,2.3157417656012385,0.023936649922554,4.3453416220973085e-05,0.6202386014264416,0.23538637998755624,0.07055335916404105,0.04669370234437607,0.06296348100525243
P92PX1F,1,14.893369464343465,66.1257142615569,0.8871826287232343,0.06328589428885066,0.015073336055504797,0.3346094737870252,0.2149538145652794,0.05461653972865496,0.03840235741361893,0.054645923462273815
P92PX1F,2,5.473611737149844,24.169530471087274,0.45764161061755804,0.044948902680884854,0.022429169245840267,0.2586409743517721,0.19293276206955862,0.04493485565656785,0.03366252912446194,0.04897232998458701
P92PX1F,3,2.071158087233427,9.275838931234848,0.31883184294141437,0.02019426872927234,0.026859588570090426,0.1772766317845532,0.1841711553922552,0.04416533050039382,0.03470783202902363,0.053942921284140036
P92PX1F,4,0.8477966815849989,4.235445519504166,0.2773293604753913,0.03018603233644183,0.027046637451358938,0.13469923499857986,0.19422786779093626,0.041434951748549984,0.032546170862339775,0.050189888702085454
P92PX1F,5,0.4145239822745395,2.4383479145536624,0.2582360749466846,0.023429049024438323,0.028064798233377486,0.11114969113548406,0.19221813901714194,0.04242363548297833,0.03061130874350318,0.05258032660708151
P92PX1F,6,0.3164788937602499,1.7259938319156287,0.254157292540227,0.018708917885323025,0.02828873074082066,0.09954281183680755,0.19373501251728073,0.04549831593167836,0.03244165660970488,0.05020697805798004
P92PX1F,7,0.2744673773577842,2.0222355939713,0.25388037052086837,0.023544886787377702,0.02623589437719553,0.09864965672573248,0.19515394309214673,0.0437667865118035,0.03248992729549355,0.051192019220187825
P92PX1F,8,0.2690630070514352,1.658844227291567,0.2519130153047812,0.035741757203035046,0.02713809350819351,0.10122368803741079,0.18975579441616774,0.04239890834523354,0.02933468823986689,0.05276932507924783
P92PX1F,9,0.30399880909133803,1.9702046152563768,0.25930021520886004,0.026617511385078892,0.02775151167078853,0.10901418010351492,0.19294132966116206,0.041301851866648503,0.029685175945583654,0.051564701589487415
P92PX1F,10,0.30303406395465204,2.183477949090795,0.2570807772226787,0.025242937675609894,0.02691634128263722,0.10334245530090375,0.19152405545080262,0.04424824966517846,0.03392029807157786,0.0521569884732057
P92PX1F,11,0.3055856746078322,2.379600891663447,0.27332724539270054,0.1060061595140898,0.027126211535813197,0.09517615780982346,0.2154196730784254,0.04660683457706979,0.03459983234492828,0.053078077153318325
P92PX1G,0,41.55175650946626,188.91577708983866,2.3284841844369875,0.025555905745740806,4.3453416220973085e-05,0.6340162305050673,0.23255607847724152,0.06249143649969649,0.04254121165368856,0.06581493408059276
P92PX1G,1,14.833286849294794,66.94948995113681,0.8915034997648869,0.03505269207091385,0.015256692831258422,0.36203300829523793,0.23216782840747002,0.05506753618261001,0.04126291008414478,0.0609505768800858
P92PX1G,2,5.4621188945955215,23.982860393894523,0.4531707569844392,0.011762769553102284,0.026930920562488747,0.25449872842516624,0.15689358852176571,0.049275860105226214,0.030386646404279058,0.05212816626484496
P92PX1G,3,2.060939716418444,9.037853867003399,0.3037142275716884,0.07981011712245532,0.023877561719917523,0.18050110649589152,0.14433917316616604,0.05079878474636664,0.03335567455274639,0.05128800169423055
P92PX1G,4,0.7629976675809202,4.082243377922401,0.20516046410625455,0.02217172472893389,0.050249153437669905,0.10531989208379254,0.10096738054416272,0.04580436830075036,0.030515426245842837,0.05092194525469737
P92PX1G,5,0.36664944085249535,2.1750350059931423,0.1849580576450394,0.04067605722503458,0.027942614208125126,0.08022446201009323,0.09593362637686566,0.042777512920424386,0.033551174576696256,0.054968770827706875
P92PX1G,6,0.21094912683308412,1.224871617961032,0.18191043675069657,0.01767588023613278,0.034291582112096826,0.07445097845242873,0.08727577406333825,0.044365031599562024,0.035882160276818606,0.051695043207858025
P92PX1G,7,0.21799363558658724,1.0476967260818482,0.19149874168536385,0.06474663604958579,0.025405757445904842,0.07910323173247906,0.10807057786717925,0.048366942909929676,0.030449139653295324,0.05017309888009559
P92PX1G,8,0.2419280566552404,1.1751959685351032,0.2033661919818342,0.10385469334430766,0.04081191862762916,0.07483904350592835,0.1356654511717362,0.044318993685478585,0.031433652719094006,0.051903697017747386
P92PX1G,9,0.22433983271345578,1.3484650305866097,0.17162957909536464,0.018874411544398464,0.0632611436026873,0.07930233616944843,0.0804091115823154,0.041388969380586074,0.029070154551034216,0.052779868485510355
P92PX1G,10,0.21009477125568313,1.1773097965404045,0.1796699071748272,0.028342031865479782,0.02822511044996465,0.0812222026989561,0.09402566559028758,0.04348421625324964,0.03361005569374316,0.05386474304672442
P92PX1G,11,0.20404804858045983,0.8379486349049392,0.175684581571948,0.040205615219958274,0.02706825576351577,0.06980086165461385,0.09845807396266265,0.04750318515958344,0.03267048112301934,0.051573541498743755
P92PX1G,12,0.2202101672037163,1.6164118727894916,0.17870658777186166,0.0448895576127449,0.03651280575217935,0.06568702547528033,0.09210795414625225,0.047710081248998205,0.03478390828768281,0.054352116557581466
P92PX1G,13,0.22946847422175795,0.9178685397959185,0.19275898217053147,0.09063756541279012,0.03921043804414502,0.0708329990848413,0.12338155468885885,0.042337633315969944,0.031638132898154224,0.052761936443515414
P92PX1G,14,0.2377760921919035,1.243310004557352,0.19844609813532815,0.0732841227700085,0.05186813739812096,0.0768502764949975,0.11118691048839768,0.04542536788109472,0.03507335666402551,0.054731530576675715
P92PX1G,15,0.23730567714680206,1.3875457269202363,0.18229397697970479,0.03912509896498187,0.05180403595736755,0.07182784816859009,0.09615806007835062,0.04434009772929401,0.03190161484082991,0.05441904234702129
P92PX1G,16,0.20963465921401533,1.3388424172428026,0.183921381218304,0.06483432129862444,0.03491810165445743,0.07954405323652972,0.10728697618658022,0.0454549537889682,0.03077215250187509,0.04970871702348621
P92PX1G,17,0.1970963734857231,1.0417218262384065,0.17536985628059457,0.0389951720655848,0.04378477887424227,0.0763323230780069,0.08617406030723464,0.04171464042593193,0.03171608489781444,0.05446636965025762
P92PX1G,18,0.20195822624909227,1.0112479428153742,0.16795335760525468,0.03101837237214927,0.03802465541271796,0.07102165976744867,0.08555309667028752,0.04442469365672719,0.032218221523115764,0.05010528272242154
P92PX1G,19,0.1898197771286026,0.7790255227582144,0.17024808972915265,0.017024000928472092,0.03651178324984801,0.07433239337880784,0.08673735842611215,0.04219203359882872,0.03244824173221587,0.0528369498200535
P92PX1G,20,0.19135938700295063,1.0419770457052724,0.17231583006348972,0.038827590604868255,0.0295506331323491,0.0676521176675191,0.09132797113909606,0.04286795080741459,0.036556148990913216,0.05149559890857408
P92PX1G,21,0.20945188726305142,0.9408178319155747,0.17327646178684372,0.04832579655943898,0.03901957008128258,0.0683808685802554,0.09617222372594017,0.04235640405871935,0.031310725088542296,0.05424896028058867
P92PX1G,22,0.18547066053822445,1.3083074328921196,0.17082395053357155,0.028591151958577667,0.03328896322052129,0.07364226727410673,0.08401211505724979,0.04422163863532005,0.03155973828436234,0.055555863011113496
P92PX1G,23,0.20029861994814818,0.771705838048864,0.17037126296662577,0.022206255756073986,0.030304216037266102,0.06421542077253187,0.08434241035622188,0.04698216802447291,0.03652726290841929,0.052706822852380215
P92PX1G,24,0.2188539569761311,1.1099858232248572,0.17802955865089856,0.06254995514220782,0.02570870383133598,0.07030499370417906,0.10068721956652954,0.041080905422948115,0.03595865268974825,0.051509178710833554
P92PX1H,0,41.43213973519569,188.584984363235,2.3254864797908055,0.1290391002772831,4.3453416220973085e-05,0.624741396655456,0.2717076775740297,0.060175110482429635,0.04572407235548986,0.060640162575737594
P92PX1H,1,14.778186115448142,65.66480424079191,0.8900532572221925,0.062399528000239665,0.06707273052306009,0.3725635535562041,0.23005885708248522,0.0580115669870912,0.042458507934184424,0.05561334002442104
P92PX1H,2,5.397681485591816,24.14772063456072,0.48918398938250995,0.10441094153619482,0.03428364648237592,0.26322219889320697,0.19435997261994425,0.0459244089236338,0.03228843406675749,0.05168854302057975
P92PX1H,3,2.0366143695127708,9.827246684757762,0.2783110367678956,0.021660126140382523,0.06053052877383987,0.16203475512653182,0.11862291970304638,0.046876825089149,0.03364981195542523,0.052208897883044905
P92PX1H,4,0.735020899269661,3.8591172062805157,0.21289562343571547,0.0348709373148614,0.03197579612400425,0.11121605384624234,0.11040104443387916,0.04496353877579628,0.0328512916621724,0.049395927018358314
P92PX1H,5,0.3675596512435182,1.8216029694135827,0.19659656454247232,0.06883195495324669,0.0304565255696177,0.08941088731057621,0.11360400323133196,0.04581318983774214,0.03667976194093697,0.05593096743399153
P92PX1H,6,0.2327707343261381,1.600124533671643,0.178602573443408,0.042264295029128464,0.04508092594441913,0.07260035887610478,0.0947894589013901,0.04605383529943345,0.03631337550439182,0.05325744903733543
P92PX1H,7,0.22812744464066795,1.800313481747473,0.191277715891815,0.07218909043940723,0.04509552226092963,0.06948088934111356,0.11109975122250693,0.0452714055796366,0.03447290140271901,0.05380876101365884
P92PX1H,8,0.21271497449439963,0.9776002488575131,0.17767946343059668,0.0458839188826676,0.04943136765777404,0.0653992686904085,0.09735838054397401,0.04654977443211684,0.03410494446354274,0.051479837935776394
P92PX1H,9,0.19962222935843973,1.3042073244088348,0.17314667674657855,0.03011971374713088,0.03475706585418741,0.06791694531689327,0.08797050432243389,0.04144683517296159,0.031620731419843846,0.05504933527501414
P92PX1H,10,0.20615120545430407,1.9384265670330247,0.18396615717981776,0.05838950629777171,0.03411071735058832,0.07578582221603473,0.10345434580802895,0.04781391936547132,0.03526582767760719,0.054280232485613165
P92PX1H,11,0.21459915417655556,1.317609316526469,0.18467370480990986,0.04132857855480364,0.045028491869486285,0.08062634177266365,0.09512515525168336,0.04254752438687975,0.034024746843682306,0.05578155309281208
P92PX1H,12,0.20322768059032692,1.2963886511087042,0.18008269878217661,0.018623792996192004,0.034376604738824666,0.07525318755621488,0.08761390317147781,0.04826481531205812,0.03734728066595927,0.053283207618723634
P92PX1H,13,0.2418714037860091,1.2290142401079063,0.17278568262882632,0.043063175658528983,0.03331281810996271,0.06715844073374397,0.09080536755469554,0.03824560643510218,0.032454648828440215,0.05335123749443079
P92PX1H,14,0.19366785765446332,1.1507738188789585,0.17374540236912847,0.027520285995118528,0.03907122815879081,0.07478627219203011,0.0849805274466614,0.04308430909156265,0.03220152421966518,0.05265705876807101
P92PX1H,15,0.23790349313630035,1.0470438111029878,0.17101878491109507,0.028409361478440434,0.036423682252088585,0.07739863130525636,0.08340069698131689,0.042925441476676346,0.03080517847773736,0.052548167855610235
P92PX2A,0,44.634275042936835,233.99542622086022,2.016661628800387,0.0391550122217703,5.0076637838217844e-05,0.6929118741071989,0.27008767939917666,0.07173214805319028,0.053398153460262325,0.07416561148800277
P92PX2A,1,15.61425199277794,79.64358958490048,1.0127642657558773,0.045086066310133205,0.010973536265949746,0.479947178500423,0.28835925801368734,0.07180705491460512,0.050801803178406844,0.06951183230351843
P92PX2A,2,5.63475844379097,28.459425347051592,0.5742628103355651,0.025436506191398756,0.027632647411884304,0.34845716300267215,0.18385750143739987,0.050143675201707885,0.037029078786028055,0.05526822743048422
P92PX2A,3,2.028770402612101,11.152964232140627,0.35114923592340364,0.026425816776192643,0.03969074108482953,0.23990563216204766,0.13563747425441966,0.05322202364393933,0.037033209823712054,0.05476129603651244
P92PX2A,4,0.8279719397938442,4.615663393668479,0.2589050168046763,0.03774831436276512,0.043398537791874456,0.16312132866308496,0.11271771972697246,0.05594362819325632,0.038282177978805766,0.055632241855103064
P92PX2A,5,0.3623677474059927,2.2837227330094745,0.20554058649121068,0.040063763259234705,0.04427519936581064,0.11384179959386524,0.09610399378969028,0.060392389191936374,0.03537246263976845,0.05128845294421734
P92PX2A,6,0.30066431095303786,1.8004587795095173,0.1877565457619676,0.03926820727056674,0.03864189925188842,0.08647117912630511,0.08918016667789658,0.059777251190775,0.03379474107202681,0.05231925213638494
P92PX2A,7,0.28424132982671996,1.2405806666651031,0.182374264636691,0.062517306017473,0.0422089187057108,0.06927188006916615,0.09144582228955514,0.07418930176411044,0.031227140684084363,0.05340596857241989
P92PX2A,8,0.20693297634163288,1.0694634499667788,0.18038307280265312,0.048107551381524435,0.032508963676633196,0.07079765088543141,0.08976354080823674,0.06216896988719486,0.03327996854059249,0.049258880571934824
P92PX2A,9,0.21916599550551483,1.6775644946704915,0.17413091566041575,0.02327251547745219,0.03459659415629671,0.07452271731391344,0.08620810919012215,0.04751951490445891,0.03443321745051253,0.05259969359452415
P92PX2A,10,0.2475914907857989,1.112650796049497,0.1899792965641474,0.025884145973919973,0.04268451455357578,0.07659343304522384,0.09151488321162507,0.04763361032511725,0.035247866826396995,0.053715328219527625
P92PX2A,11,0.2129548912709334,1.4119017267031353,0.18739878635598237,0.07258579547604785,0.04451306132398794,0.06996595109539167,0.0913041894177127,0.08429686644072706,0.03450963102132804,0.05440420821677072
P92PX2A,12,0.21507312554288807,1.2143976094656228,0.17940170310171677,0.024617491487297364,0.05081559191351178,0.0770554432562648,0.0916073835223003,0.047823297959531524,0.03491735382560801,0.05242867287262147
P92PX2A,13,0.204552245395678,1.5252243643325558,0.17905408285153002,0.023557605456315116,0.04500201399046867,0.07283265667856435,0.08861042555315261,0.048061259552336165,0.03973801970703051,0.05346411492617527
P92PX2A,14,0.2364609658639151,1.3766459648549834,0.1748277313409566,0.027304097804505295,0.04194452185281176,0.07552754071378207,0.08751806288824117,0.051143373925580646,0.03165709515505748,0.05217862253319256
P92PX2A,15,0.18419119129798844,1.2214056966877163,0.17103810385070645,0.027790714882820765,0.038764891539088304,0.06327371604542469,0.08831729340916572,0.047492041960133374,0.03678926276155064,0.052353995122051376
S92PX1A,0,74.61544383822675,336.1771604301618,4.750527278678903,0.06852225672717954,0.04020334199046749,1.9500229532661646,0.48437061788495095,0.12861258895854,0.10501972872755715,0.10641189146046778
S92PX1A,1,26.772308473064516,112.59172554945862,1.4136092043841606,0.13255031967707753,0.05177745361067032,0.6639648132182292,0.403587637602302,0.12803372295302928,0.07614158283019637,0.08976850067613747
S92PX1A,2,9.75539469013923,39.56032249017616,0.6121446846752658,0.06546753099064809,0.06644027023361322,0.3151838070722823,0.2634829209080631,0.11878187792338958,0.06362412077189339,0.07464255594753308
S92PX1A,3,3.6294745790307514,15.442407265405134,0.3717193309404112,0.045275928147219945,0.045975198575692953,0.1730559766594093,0.20191143031549824,0.11230831797716304,0.06316768707726336,0.07318571651466382
S92PX1A,4,1.375235076834262,6.560494621499657,0.29560139879511144,0.039259230579711306,0.05384797220697238,0.11071183421432987,0.17415424923258538,0.11029694748839,0.06221491392879835,0.06927121734897618
S92PX1A,5,0.5882908115667734,3.6756768658301464,0.266642720832642,0.04348544984187783,0.05668099966572617,0.08407080869926746,0.1638200722248047,0.11238174310910466,0.0626683788409918,0.06997379609536418
S92PX1A,6,0.37176510152302955,3.3254534229696375,0.2665303882132649,0.07388198786541865,0.048795413854099724,0.07467102669325168,0.17004817010572548,0.10834727836926347,0.06315588876680697,0.07413873096963901
S92PX1A,7,0.311177153996246,2.8965041979072126,0.27729304153975737,0.10600474618082777,0.06581738076508342,0.06489159262781362,0.19168537900201077,0.11632141877899603,0.06537001754777282,0.07468430515789437
S92PX1A,8,0.33903461097156967,3.706384314371647,0.2668429510102241,0.08496010085019022,0.06301993961846226,0.07187225888143402,0.17828366645911847,0.10978199030630903,0.06049611542109503,0.07244360717000933
S92PX1A,9,0.2720127704332244,3.8043157353486734,0.25570606749808816,0.03775044606827511,0.06537046480167638,0.06782854271967738,0.15724301198455365,0.11547174380936266,0.061253316821280164,0.07305245654576602
S92PX1A,10,0.2888012242750241,3.050964847132853,0.2587149397840033,0.03887887411936441,0.0524333766592062,0.07348300237741882,0.16229626305589698,0.11103274515591045,0.06131534782013666,0.07009164848085606
S92PX1A,11,0.28140722730053375,2.8517836034547273,0.25831146990263987,0.04575594953906343,0.04460796701983296,0.07124255128814158,0.1598013730675228,0.11549753142490314,0.05979216232026157,0.07474696431015929
S92PX1A,12,0.31823079486306843,2.3451410167369957,0.25489236896611,0.03784623347877898,0.05305253543272355,0.08003360386885906,0.15690555930544234,0.11028586552855134,0.06005827343979234,0.07407006549895832
S92PX1A,13,0.4505142743954496,4.0683752454047095,0.28898343355172207,0.13104760264892557,0.05037980211851503,0.07371120773011385,0.20665328721225698,0.11513462883340972,0.05992242602506362,0.07474214225934915
S92PX1A,14,0.28357412274976096,3.251075215740862,0.2574563754984204,0.02771317995815799,0.0714835186101674,0.07895577216984714,0.15820358036006604,0.10952862603534545,0.061483019062893836,0.07397644328723889
S92PX1A,15,0.27544498067455014,3.00992493736274,0.26132573473572634,0.049709300467384615,0.044306663029001,0.06659258660354506,0.16719447256009862,0.1137300225363609,0.0594298242828373,0.07203887715308042
S92PX1B,0,74.61410687538762,336.03068531981785,4.74046095061729,0.06098390394391518,0.04020334199046749,1.9579497955262093,0.48214920439846143,0.13362334721729768,0.10681659176732464,0.1089117130831485
S92PX1B,1,26.736861021606302,113.07041621719738,1.437264357994685,0.08093654236451861,0.22766239580105974,0.6893523941609027,0.41566812149435095,0.1374681118191793,0.09088420530937526,0.08107331971043662
S92PX1B,2,9.765537082863636,39.74618876579594,0.6085207285993283,0.04595767034257773,0.21928705926277897,0.3278196604257104,0.24046804615232673,0.11166252657284172,0.06532865280115488,0.08905636237866486
S92PX1B,3,3.592639157527139,14.727426993291104,0.336590629052023,0.027891332345371868,0.26944137913581895,0.18169993831610043,0.15118213473082776,0.07388252111091496,0.051103554644450336,0.06832902607049765
S92PX1B,4,1.3862356164532579,6.018553552050054,0.2201801145728711,0.046157067418100384,0.2864293382478281,0.1125691113744616,0.1100752902191236,0.05062954598755735,0.04135076203194296,0.05678687160268044
S92PX1B,5,0.5436593894226209,2.9156231979604597,0.18962105212354452,0.04412132538783607,0.38348478835470445,0.08787351118083438,0.08776686381772769,0.04272908788869854,0.04061434838933039,0.05125822609238095
S92PX1B,6,0.3111673687457276,1.3195002762678154,0.18759656689205942,0.05009744503039294,0.43101949570085757,0.0814578740148559,0.08599134564564699,0.04752012622021636,0.03640146709990476,0.05313300716251759
S92PX1B,7,0.3334329614789633,1.512647966694822,0.18183667871080988,0.0668258330301487,0.44871293272775997,0.06591670147952776,0.09416709803642223,0.0418521828869929,0.03861843897725788,0.05191802974867315
S92PX1B,8,0.23578876917923103,1.3514968526875393,0.1915171000149892,0.09003053204804191,0.4487439970745913,0.07066806388844331,0.1114536231975294,0.03947317408940097,0.03613837869926332,0.05121428238691932
S92PX1B,9,0.19758656366715016,0.9979184442885369,0.17441463030633975,0.037906036821253916,0.4588518614815756,0.0757162950054703,0.07360464007026236,0.038971795644607905,0.035504634476586805,0.04930915657042352
S92PX1B,10,0.2866054811449615,1.4908216710374234,0.17020281447668842,0.02711605957750496,0.4571147689038125,0.07272806690360145,0.0651816382038671,0.0421944439383561,0.03494800405723531,0.051609675106621254
S92PX1B,11,0.20300671209204663,1.1560307312432627,0.17366442826729397,0.01511455027357627,0.4583101785041715,0.07446968703012943,0.06437361062796029,0.03907413325183427,0.035037517275071324,0.05086386801935102
S92PX1B,12,0.22902712717022597,1.1450618431787518,0.1728151174216505,0.0110876503325045,0.4643902317010844,0.07307639320624215,0.07094545519030908,0.043544081506007616,0.0348089128134499,0.05291531021935694
S92PX1B,13,0.21719091606306357,1.300807543128002,0.16756292092511288,0.04656953445835258,0.4410334127542721,0.06349694013339838,0.07782936254507655,0.03958476639111697,0.03234063572387647,0.05171293384735361
S92PX1B,14,0.20111485166032295,1.3683653772980762,0.17438851178456732,0.025325842448765807,0.42372006303190174,0.07038802501113521,0.06448534250981788,0.04497206830980841,0.0367464972094749,0.05385313079297988
S92PX1B,15,0.21507204011459097,1.291032790684099,0.17468427555148006,0.021627304194970304,0.4665519971436598,0.0740808018429543,0.06633281258000286,0.04539205090221661,0.036042626804600734,0.05101633554762608
S92PX2A,0,36.373236600087935,137.1114093170769,3.249000039095645,0.05048384366932892,0.05355119817227267,1.9733139861493605,0.39125077496933763,0.0908541758976871,0.052540046594692066,0.05452093269047545
S92PX2A,1,13.631763375097362,53.79425863813347,1.2207906001700009,0.05447889841966384,0.013586638773604923,0.829969322880809,0.28233081675582605,0.08633223750038442,0.04283924652767626,0.059999463235011596
S92PX2A,2,5.187793561793153,20.928525532365015,0.6263915975636296,0.053417786081277514,0.014063615960689037,0.4689731139362704,0.20610385240077456,0.08362211353708063,0.045631970481029016,0.05675673435222635
S92PX2A,3,2.044465788632393,8.662972683367798,0.3940944784389107,0.06228725825839897,0.015039203950995356,0.28334726234211954,0.161015637965528,0.08767410474215956,0.04808534379000346,0.05690704552959154
S92PX2A,4,0.8155541864021597,3.925871769454581,0.2778643654139002,0.05840669097456144,0.01693188899403028,0.17826480429548755,0.13842391394401915,0.08542042312930402,0.04675642458777569,0.05487052378250459
S92PX2A,5,0.4387658322366725,3.1100663889831766,0.23802894895215979,0.05698486851194928,0.017165877053812437,0.11909463659980633,0.12666906056070174,0.08028550657091732,0.04712219530941315,0.05556774999295596
S92PX2A,6,0.26246057748999324,2.451653594110358,0.21293329072511025,0.06349896439632075,0.01664351333738575,0.077296225772895,0.12222422742590636,0.09190026969017799,0.044745000567762046,0.05660470941781736
S92PX2A,7,0.2545291634804553,2.9521757603930348,0.2156510750115074,0.06495426847353726,0.018266038170277464,0.07586406605116955,0.12348460198547236,0.09435216288031534,0.042365247399582306,0.05457421565796263
S92PX2A,8,0.25161101038355754,2.823302550635721,0.21481340043516045,0.0662000539309021,0.018189667375864395,0.07183495497146075,0.12346767031809176,0.09497775673919365,0.045649917413201485,0.05510671258568215
S92PX2A,9,0.23947998620081273,2.778286998615858,0.1997378204988319,0.055448918787447614,0.018978246686240503,0.061909578154930714,0.11330855975271739,0.08468465078027931,0.04266541845785699,0.055077989927505434
S92PX2A,10,0.23452785544730578,3.3018092953744227,0.213981920481896,0.09309755055014346,0.01615082451011346,0.0640799809955221,0.11414905833958658,0.111723071315865,0.047666954511567536,0.05752436372308917
S92PX2A,11,0.26538521722382336,2.9245756186795173,0.20652449294753206,0.05707017096738878,0.023226258914782853,0.06650440277350904,0.12232061485143689,0.08244470947980428,0.04715567008672459,0.0538988945505168
S92PX2A,12,0.23643207185790385,2.6514650611583437,0.2062558813340167,0.06860999925616067,0.01684974913686709,0.06529872408526381,0.11562401199276637,0.0916229097786821,0.04555897531651253,0.05524419708755796
S92PX2A,13,0.2663173197680647,3.730239030084879,0.2107412313617546,0.056171003164861025,0.021419874897745876,0.06479573659491555,0.11930063669741295,0.08453573942270513,0.05017793911115107,0.058913367046915015
S92PX2A,14,0.2271980752381102,3.6064890937263634,0.2082147059833105,0.06463485457508224,0.017885403288108045,0.06142325117973043,0.11609505168068626,0.09246047614098724,0.047691410561687464,0.05770650399314021
S92PX2A,15,0.29167456117540863,3.4861510570269765,0.2048500931522446,0.05957322947424119,0.01901311414149399,0.0634108104820278,0.11987141336487298,0.08190351996278908,0.0463169578591035,0.0565157013242225
S92PX2B,0,36.38931399034873,138.01438946870914,3.2593089040648704,0.041266078407839794,0.05355119817227267,1.9765560876416162,0.38918686190882473,0.08721205562686102,0.04566563312972475,0.059504905739381476
S92PX2B,1,13.681195254937672,54.000833350032806,1.2395594693845446,0.047202450784883505,0.3437677510440089,0.8554792280249089,0.28301792663748243,0.0716393726175085,0.04067721976235387,0.05913122679972299
S92PX2B,2,5.185357600356966,22.82361512910569,0.6554016072215001,0.04883330066233205,0.6071901512952602,0.4901576071983133,0.1932711512233703,0.07439196039850143,0.03996246547376339,0.05389040180424906
S92PX2B,3,2.0652266376801096,9.319322465690227,0.39805109163386554,0.04196423465761913,0.6763813901627092,0.30364692615266103,0.1338667997344918,0.06417642615027254,0.035719303848516494,0.052054877922681035
S92PX2B,4,0.8141342316114878,4.2166163238412935,0.2703224957875775,0.03522187420266397,0.772764351115177,0.19558828441962664,0.10109370420911122,0.05548561354865771,0.035392777716817383,0.051931297793908
S92PX2B,5,0.38245372999448085,2.4548182690775633,0.21819617453519274,0.04519693063906491,0.8299770232327865,0.13395805244903297,0.08547467586267204,0.05477949404840578,0.03473619034808861,0.05042729318227062
S92PX2B,6,0.2450070277403765,1.7109698839690475,0.17883069691844003,0.03281246478030463,0.8641357167491704,0.09578017217666784,0.0676823258340477,0.04948324721334994,0.03247705534633995,0.049478249726292715
S92PX2B,7,0.21174912742654134,0.9730005083981185,0.16948090733767004,0.05583581823751248,0.9078821075411039,0.07762585286867797,0.05856188956552883,0.06353317135159715,0.032592593435935596,0.053202162505370874
S92PX2B,8,0.26120246388663715,1.2262441130491544,0.17512759833929858,0.04507310229823817,0.9210786814857971,0.08333669432672802,0.06732311713344441,0.05587772770708356,0.03214440179283336,0.04861656878647111
S92PX2B,9,0.18519516918245318,1.3525225762006914,0.16176288061300692,0.030425032526473023,1.0123180551435118,0.07206207552866284,0.059719270267533535,0.04464398176905362,0.032461124740550754,0.04876910022883055
S92PX2B,10,0.19783331863394485,1.0008944186795095,0.17484403876467244,0.02905645902673401,0.9778507623962971,0.08159477341407496,0.06212385918494548,0.045155991509690296,0.03232234710203788,0.049926146639102824
S92PX2B,11,0.2547657052537286,1.2278488119310538,0.15903330068424837,0.039399979934223915,0.9609236535964069,0.07124012666124172,0.05994921474509032,0.05044808571762729,0.028957422984014897,0.05211209744967767
S92PX2B,12,0.2040343508806025,1.1198198273306348,0.1790802338482936,0.07079828845969136,0.9725499631041439,0.07685730044239329,0.06478447620750773,0.07809379551441173,0.03468712972594365,0.053675627441226594
S92PX2B,13,0.1689255779120356,0.9798399931145341,0.15349580965936613,0.02447644782088926,0.998328483405587,0.06464644512183719,0.05861598745382195,0.04321281910901366,0.03050149973623758,0.05165018944135053
S92PX2B,14,0.22577281487133286,1.279226568787746,0.15811972476542976,0.04218244040177461,0.9802459397932619,0.0636910378021625,0.06207649382005559,0.05335802436037168,0.028450226983005707,0.04912632410501044
S92PX2B,15,0.2530448703773449,1.1419933008829102,0.16744542396827233,0.036419404650777684,0.9775858240051042,0.08076381844973145,0.05821188030076563,0.04868202792944038,0.03005883471917237,0.04965395925443689
